name,algorithm,k,silhouette_score,chi
kotek-0.png,kmeans,5,0.5206129105875382,17523.73698404381
kotek-0.png,kmeans,6,0.5072342321138181,16654.507707746176
kotek-0.png,kmeans,7,0.4923856766946363,16300.666829515865
kotek-0.png,kmeans,8,0.4706873516136694,16040.752877533523
kotek-0.png,kmeans,9,0.4714687174657032,15940.624381841058
kotek-0.png,kmeans,10,0.44839945472987874,15774.956751086855
kotek-0.png,kmeans,11,0.44123713055456015,15697.456952229957
kotek-0.png,kmeans,12,0.43500549306501757,15417.671769558137
kotek-0.png,kmeans,13,0.42562197005950975,15204.783695187358
kotek-0.png,kmeans,14,0.4258170779607089,14856.333098007357
kotek-0.png,kmeans,15,0.4283487127513571,14476.980865949163
kotek-0.png,kmeans,16,0.41970104373766376,14287.162009724372
kotek-0.png,kmeans,17,0.41845861301109866,14051.926983485615
kotek-0.png,kmeans,18,0.41655364465225525,13811.870948713602
kotek-0.png,kmeans,19,0.4090075989717919,13692.160891400836
kotek-0.png,kmeans,20,0.40944376100602103,13586.088237916003
kotek-0.png,kmedoids,5,0.4414955018440237,15877.20962998927
kotek-0.png,kmedoids,6,0.38841292291866136,14774.550070941763
kotek-0.png,kmedoids,7,0.4007193485245627,14312.219455780694
kotek-0.png,kmedoids,8,0.4070976918669028,13927.568726697024
kotek-0.png,kmedoids,9,0.4102576863135332,13321.031331525714
kotek-0.png,kmedoids,10,0.4057808791437612,13358.021349975985
kotek-0.png,kmedoids,11,0.3997385092764287,13112.301014394394
kotek-0.png,kmedoids,12,0.40304016644773244,13604.314791251647
kotek-0.png,kmedoids,13,0.3879249912864627,13334.629646306968
kotek-0.png,kmedoids,14,0.3874900874089016,13292.018090690433
kotek-0.png,kmedoids,15,0.3909623741200441,13506.503231781153
kotek-0.png,kmedoids,16,0.374141204089078,13152.89736004979
kotek-0.png,kmedoids,17,0.3599250585509928,12668.776254562257
kotek-0.png,kmedoids,18,0.35795741427060224,12497.93267919619
kotek-0.png,kmedoids,19,0.3548843487639177,12319.563887919338
kotek-0.png,kmedoids,20,0.3537038735960186,12166.458009292064
kotek-1.png,kmeans,5,0.410519133153341,24425.497605173645
kotek-1.png,kmeans,6,0.4010174782618073,24225.826089901384
kotek-1.png,kmeans,7,0.3889162987850477,25762.897382012765
kotek-1.png,kmeans,8,0.3873117206296822,26473.636979382027
kotek-1.png,kmeans,9,0.38209023222854566,26371.962405924376
kotek-1.png,kmeans,10,0.36446062495140796,26167.574387866764
kotek-1.png,kmeans,11,0.3580185630404971,26088.041120150978
kotek-1.png,kmeans,12,0.3517512631085507,25644.947421778234
kotek-1.png,kmeans,13,0.347882224659223,25534.877819254885
kotek-1.png,kmeans,14,0.3426323823121879,25226.200025417922
kotek-1.png,kmeans,15,0.34380505715196746,25311.659773607164
kotek-1.png,kmeans,16,0.34260766412059845,25088.721045143502
kotek-1.png,kmeans,17,0.3313057914165297,24762.521776493235
kotek-1.png,kmeans,18,0.33553389903864095,24593.50519562514
kotek-1.png,kmeans,19,0.3275366908949085,24311.663809673628
kotek-1.png,kmeans,20,0.3231065394888911,24020.640002906664
kotek-1.png,kmedoids,5,0.3621328316512449,19716.030273106415
kotek-1.png,kmedoids,6,0.3771511175295101,19766.136726565892
kotek-1.png,kmedoids,7,0.37749687251247255,22205.991278956488
kotek-1.png,kmedoids,8,0.3599304027888879,24117.513841880114
kotek-1.png,kmedoids,9,0.35285464262263627,23378.801395839404
kotek-1.png,kmedoids,10,0.33498237461069275,23048.98299488676
kotek-1.png,kmedoids,11,0.3286123112038215,23184.80040707103
kotek-1.png,kmedoids,12,0.3298927830004674,22889.755000580182
kotek-1.png,kmedoids,13,0.323853211569488,22689.641049290374
kotek-1.png,kmedoids,14,0.31793734916097277,23673.78208949624
kotek-1.png,kmedoids,15,0.31941071004919325,23800.611663808013
kotek-1.png,kmedoids,16,0.3137413658286684,23646.65665534391
kotek-1.png,kmedoids,17,0.3074359726193255,23409.275094298922
kotek-1.png,kmedoids,18,0.30827906355036927,23032.552819095028
kotek-1.png,kmedoids,19,0.30240906970663817,23037.039018144947
kotek-1.png,kmedoids,20,0.303755651177259,22731.004463917947
kotek-10.png,kmeans,5,0.5520994710154948,65744.61369259315
kotek-10.png,kmeans,6,0.5229848161692754,64507.44175952099
kotek-10.png,kmeans,7,0.4842839796384518,62031.84693335319
kotek-10.png,kmeans,8,0.4670821763334496,59664.06059371573
kotek-10.png,kmeans,9,0.4467244910774094,59157.01964330141
kotek-10.png,kmeans,10,0.4360837706978268,59042.7271007512
kotek-10.png,kmeans,11,0.43116858449950757,58285.55966541619
kotek-10.png,kmeans,12,0.42334239521014305,57126.758566441524
kotek-10.png,kmeans,13,0.4195394501611084,55991.6133734325
kotek-10.png,kmeans,14,0.4148258367389371,55284.89580754239
kotek-10.png,kmeans,15,0.40979978583696364,54982.434218291564
kotek-10.png,kmeans,16,0.392406798401561,53900.02787536794
kotek-10.png,kmeans,17,0.3930712953925259,53506.48249755437
kotek-10.png,kmeans,18,0.3920355251841724,52886.30543673974
kotek-10.png,kmeans,19,0.3889374045596296,52392.49598641686
kotek-10.png,kmeans,20,0.3862159928416028,52157.13098040065
kotek-10.png,kmedoids,5,0.5393568238053233,64236.179229359666
kotek-10.png,kmedoids,6,0.49077627764502213,61758.39844635236
kotek-10.png,kmedoids,7,0.4533968195820128,59413.43263224202
kotek-10.png,kmedoids,8,0.425130154629161,58968.99129340891
kotek-10.png,kmedoids,9,0.41151362883072756,57762.69107132397
kotek-10.png,kmedoids,10,0.4050079305052948,56258.29832340599
kotek-10.png,kmedoids,11,0.4086252258429998,55744.83068598671
kotek-10.png,kmedoids,12,0.4022239731627472,54090.023566602635
kotek-10.png,kmedoids,13,0.39735912181450833,54061.03395570427
kotek-10.png,kmedoids,14,0.3899079081653362,52445.731446282836
kotek-10.png,kmedoids,15,0.3864162924745765,51317.60481937186
kotek-10.png,kmedoids,16,0.3774748199702097,50452.721925943304
kotek-10.png,kmedoids,17,0.37171352261664337,50376.86980679812
kotek-10.png,kmedoids,18,0.36293434839184047,50068.95534024865
kotek-10.png,kmedoids,19,0.3657980378614404,49742.42229054733
kotek-10.png,kmedoids,20,0.35570925473877935,48773.814566652516
kotek-11.png,kmeans,5,0.40379566829371616,29327.652362829314
kotek-11.png,kmeans,6,0.4023133259872574,28892.34487568064
kotek-11.png,kmeans,7,0.3991530914491572,27514.86647934799
kotek-11.png,kmeans,8,0.3843754639906492,26548.71547058115
kotek-11.png,kmeans,9,0.3927689314709879,27144.59097772283
kotek-11.png,kmeans,10,0.3906276288955337,26915.57357251814
kotek-11.png,kmeans,11,0.3877430312414346,27316.010107219267
kotek-11.png,kmeans,12,0.38183008724343,27086.472908938536
kotek-11.png,kmeans,13,0.38041346130064296,27069.940703568474
kotek-11.png,kmeans,14,0.368990584303278,26915.899025680916
kotek-11.png,kmeans,15,0.369612262760533,26837.80649059193
kotek-11.png,kmeans,16,0.36992118438242044,27014.713676117157
kotek-11.png,kmeans,17,0.3552700260639117,26560.427121982153
kotek-11.png,kmeans,18,0.35442536714580386,26409.414692188882
kotek-11.png,kmeans,19,0.3515844335105206,26453.972192153284
kotek-11.png,kmeans,20,0.35017538886117033,26361.119956086484
kotek-11.png,kmedoids,5,0.3991370210695445,29166.69263164079
kotek-11.png,kmedoids,6,0.38694255488141893,28488.153945022314
kotek-11.png,kmedoids,7,0.35664524111833795,26885.781964367576
kotek-11.png,kmedoids,8,0.35446719513089125,25360.925149921455
kotek-11.png,kmedoids,9,0.35878991353117345,25235.25571651916
kotek-11.png,kmedoids,10,0.35372591847937623,25175.772340922806
kotek-11.png,kmedoids,11,0.3555915362717419,25785.05373403074
kotek-11.png,kmedoids,12,0.3613778555248443,26559.567264183348
kotek-11.png,kmedoids,13,0.3542382253422022,26475.14157403332
kotek-11.png,kmedoids,14,0.3405048808005443,25848.806905901878
kotek-11.png,kmedoids,15,0.3389678471050401,25594.58162221495
kotek-11.png,kmedoids,16,0.34218898688730354,25641.980572415727
kotek-11.png,kmedoids,17,0.34002774923979906,25642.63661377997
kotek-11.png,kmedoids,18,0.3400775669261177,25685.836476065695
kotek-11.png,kmedoids,19,0.3359258105448926,25160.2654146267
kotek-11.png,kmedoids,20,0.3373032170339013,24807.05571656816
kotek-12.png,kmeans,5,0.47435622528136756,22973.823183478708
kotek-12.png,kmeans,6,0.46912632903144436,24173.105042159445
kotek-12.png,kmeans,7,0.4543890207193675,25342.5667357391
kotek-12.png,kmeans,8,0.45952536738521765,25060.0272764022
kotek-12.png,kmeans,9,0.43599590995049187,25345.16985707516
kotek-12.png,kmeans,10,0.4343002698837086,25287.112903141
kotek-12.png,kmeans,11,0.42521333502504444,24801.04198728807
kotek-12.png,kmeans,12,0.4191742450142873,25162.737540416914
kotek-12.png,kmeans,13,0.4076886468732578,25121.920322226793
kotek-12.png,kmeans,14,0.4049657894170073,24875.33030741734
kotek-12.png,kmeans,15,0.4051330381149082,24870.684453061644
kotek-12.png,kmeans,16,0.4002177639676631,24850.23154316098
kotek-12.png,kmeans,17,0.3997406603154027,25074.80872539443
kotek-12.png,kmeans,18,0.39455347274619806,24682.144605327012
kotek-12.png,kmeans,19,0.39358829784732,24836.5765207343
kotek-12.png,kmeans,20,0.38810295370111575,24700.518912572476
kotek-12.png,kmedoids,5,0.44075718867939945,20711.64636030279
kotek-12.png,kmedoids,6,0.44863959273845777,23357.945688809705
kotek-12.png,kmedoids,7,0.4275310003620786,22803.247711517237
kotek-12.png,kmedoids,8,0.4147570280637112,23159.34096117925
kotek-12.png,kmedoids,9,0.40041264710086555,23107.305962462317
kotek-12.png,kmedoids,10,0.3960123431816806,23291.774348223153
kotek-12.png,kmedoids,11,0.38493279243935513,22452.823427650215
kotek-12.png,kmedoids,12,0.37684157815005437,21803.61763798829
kotek-12.png,kmedoids,13,0.37019461559377875,21278.53594325731
kotek-12.png,kmedoids,14,0.37611952087317446,22069.44389723765
kotek-12.png,kmedoids,15,0.374715162616706,22378.579951681157
kotek-12.png,kmedoids,16,0.37448571798063907,23744.977302379582
kotek-12.png,kmedoids,17,0.36779761575974523,23264.17908348051
kotek-12.png,kmedoids,18,0.3575363682237101,22722.77947997087
kotek-12.png,kmedoids,19,0.35851211802881283,22515.895455572492
kotek-12.png,kmedoids,20,0.3515572796019602,22493.764850206066
kotek-13.png,kmeans,5,0.4794172704182594,17691.48369677588
kotek-13.png,kmeans,6,0.4811442693200513,17845.741842170508
kotek-13.png,kmeans,7,0.45022694504878347,19309.211967014933
kotek-13.png,kmeans,8,0.43800036882068544,19214.55534069091
kotek-13.png,kmeans,9,0.4275300563631278,19819.29825996118
kotek-13.png,kmeans,10,0.4183074659458084,19757.513920933543
kotek-13.png,kmeans,11,0.3995834832623816,19802.825892970584
kotek-13.png,kmeans,12,0.39049263420961006,19753.4187106985
kotek-13.png,kmeans,13,0.3787492598362504,19666.978942325022
kotek-13.png,kmeans,14,0.3752584675848569,19730.243500649318
kotek-13.png,kmeans,15,0.3730719593478861,19587.542300740482
kotek-13.png,kmeans,16,0.37000095310316616,19361.92020114942
kotek-13.png,kmeans,17,0.36857400593158496,19174.57582231749
kotek-13.png,kmeans,18,0.3644130661034489,19002.31371104523
kotek-13.png,kmeans,19,0.3603758727129634,18923.478042451567
kotek-13.png,kmeans,20,0.3589378944427214,18666.559786990732
kotek-13.png,kmedoids,5,0.47920831970603855,17203.369122511045
kotek-13.png,kmedoids,6,0.4416733159178559,16985.147073760083
kotek-13.png,kmedoids,7,0.42776134375246555,17559.73689608176
kotek-13.png,kmedoids,8,0.41964707458860334,18772.229235554278
kotek-13.png,kmedoids,9,0.39466865598975753,17963.85702483226
kotek-13.png,kmedoids,10,0.3977824777836726,18635.806029308686
kotek-13.png,kmedoids,11,0.390583713414013,18698.145057189402
kotek-13.png,kmedoids,12,0.3884075437742277,19148.718851837773
kotek-13.png,kmedoids,13,0.3753877073157206,18526.724355211063
kotek-13.png,kmedoids,14,0.3797888029210124,18699.925290244777
kotek-13.png,kmedoids,15,0.36632176980642867,18701.84955065193
kotek-13.png,kmedoids,16,0.355553599682678,18493.54407815577
kotek-13.png,kmedoids,17,0.34984351433139227,17966.60116674104
kotek-13.png,kmedoids,18,0.3474940547024492,18164.123308089973
kotek-13.png,kmedoids,19,0.34203122191187474,18046.238815699144
kotek-13.png,kmedoids,20,0.3373053655974009,17976.163640697843
kotek-14.png,kmeans,5,0.5148903384425241,27839.038425914427
kotek-14.png,kmeans,6,0.4992555479988918,28657.269844236325
kotek-14.png,kmeans,7,0.46414825007264815,28014.69825673083
kotek-14.png,kmeans,8,0.44575238406068224,27800.13300940331
kotek-14.png,kmeans,9,0.41428823627606376,27398.736394072224
kotek-14.png,kmeans,10,0.41436046480954714,27058.97122086921
kotek-14.png,kmeans,11,0.415172978736343,26585.831464909686
kotek-14.png,kmeans,12,0.4182946704145464,26260.345580537956
kotek-14.png,kmeans,13,0.41131564947469784,26115.40589472277
kotek-14.png,kmeans,14,0.41053878259457266,25599.660901812204
kotek-14.png,kmeans,15,0.407528238140727,25557.53348199795
kotek-14.png,kmeans,16,0.3912021097050812,25177.34690627214
kotek-14.png,kmeans,17,0.38626509931420727,24880.834160754574
kotek-14.png,kmeans,18,0.38260354183601375,24788.01016363618
kotek-14.png,kmeans,19,0.3780952123792446,24333.62888594348
kotek-14.png,kmeans,20,0.3834563885590316,24262.77923765327
kotek-14.png,kmedoids,5,0.4860072495019895,27483.585495637508
kotek-14.png,kmedoids,6,0.4455526327029373,26491.903542121745
kotek-14.png,kmedoids,7,0.41410947161931483,25872.821318068316
kotek-14.png,kmedoids,8,0.4179687711969839,26789.63595137584
kotek-14.png,kmedoids,9,0.43303199770918327,26957.33903699043
kotek-14.png,kmedoids,10,0.4188836725960102,26421.72965903767
kotek-14.png,kmedoids,11,0.40777376037309826,26014.89811428752
kotek-14.png,kmedoids,12,0.39094242773545995,25073.41607525839
kotek-14.png,kmedoids,13,0.389011677094163,24626.932568063814
kotek-14.png,kmedoids,14,0.3900707126185473,23817.607366433156
kotek-14.png,kmedoids,15,0.38989898396477124,24466.034090134057
kotek-14.png,kmedoids,16,0.38337686881972377,24184.18954471086
kotek-14.png,kmedoids,17,0.3707359002632192,23706.056096089473
kotek-14.png,kmedoids,18,0.36302772900188685,23459.698336652124
kotek-14.png,kmedoids,19,0.3567549810532257,22907.942326143595
kotek-14.png,kmedoids,20,0.35456874313694414,22853.674682477016
kotek-15.png,kmeans,5,0.37941014043709,10502.189619939067
kotek-15.png,kmeans,6,0.39513187818611933,10647.059619214606
kotek-15.png,kmeans,7,0.37425394886002905,10342.453314317241
kotek-15.png,kmeans,8,0.3867025093841014,10360.626124130951
kotek-15.png,kmeans,9,0.36403437365884284,10334.195244388964
kotek-15.png,kmeans,10,0.3701676079782386,10857.509215187574
kotek-15.png,kmeans,11,0.3796246053846959,11119.27396334481
kotek-15.png,kmeans,12,0.37074374345212774,11003.171031125923
kotek-15.png,kmeans,13,0.3677513750283996,11125.470235157216
kotek-15.png,kmeans,14,0.3568163610765244,11235.525546264213
kotek-15.png,kmeans,15,0.34296059242669713,10946.363772458233
kotek-15.png,kmeans,16,0.338808035032552,10833.671711291583
kotek-15.png,kmeans,17,0.3361980125238004,10752.419670957195
kotek-15.png,kmeans,18,0.3339959521769509,10626.002861372763
kotek-15.png,kmeans,19,0.3296634801235025,10621.290115369335
kotek-15.png,kmeans,20,0.3254661160472349,10474.691547604787
kotek-15.png,kmedoids,5,0.36000235994835866,9407.556098643307
kotek-15.png,kmedoids,6,0.3527199570942364,8969.825797465504
kotek-15.png,kmedoids,7,0.35244601487262794,9715.626216877472
kotek-15.png,kmedoids,8,0.3393713769269221,9353.459284751782
kotek-15.png,kmedoids,9,0.34064804776523644,9282.846526360549
kotek-15.png,kmedoids,10,0.3562040426838008,9966.520722667618
kotek-15.png,kmedoids,11,0.34213658373617495,9646.720762991094
kotek-15.png,kmedoids,12,0.3315036931010374,9754.358526741029
kotek-15.png,kmedoids,13,0.3318743008188596,10165.796306393671
kotek-15.png,kmedoids,14,0.3271317367924797,10639.04217528401
kotek-15.png,kmedoids,15,0.3285057502922357,10332.756213126977
kotek-15.png,kmedoids,16,0.3226907158668529,10052.509694754768
kotek-15.png,kmedoids,17,0.31311146592557926,9917.84325688831
kotek-15.png,kmedoids,18,0.3133504993316095,9588.048272306498
kotek-15.png,kmedoids,19,0.3125449126858758,9539.792392483243
kotek-15.png,kmedoids,20,0.3103035757035155,9803.563699680908
kotek-16.png,kmeans,5,0.48527272226946794,18283.057823437972
kotek-16.png,kmeans,6,0.4756598855011577,17949.424766697288
kotek-16.png,kmeans,7,0.4367986158402794,17947.02343225481
kotek-16.png,kmeans,8,0.4177279420134024,17573.430254002138
kotek-16.png,kmeans,9,0.4077166875921912,17095.854059546946
kotek-16.png,kmeans,10,0.3984250302239139,17203.109351388637
kotek-16.png,kmeans,11,0.3742205357226013,16514.004734613427
kotek-16.png,kmeans,12,0.36952195640023805,16590.092973596144
kotek-16.png,kmeans,13,0.36367288652162527,16442.10151595796
kotek-16.png,kmeans,14,0.3524279110160188,16335.117943723326
kotek-16.png,kmeans,15,0.35349817256918936,16280.808835005932
kotek-16.png,kmeans,16,0.3560195445418701,16307.492036817785
kotek-16.png,kmeans,17,0.35440711224351823,16194.854687216328
kotek-16.png,kmeans,18,0.34798952177960846,16188.693328946367
kotek-16.png,kmeans,19,0.34634658158008397,16133.863917752436
kotek-16.png,kmeans,20,0.33784814733175395,16129.995124959058
kotek-16.png,kmedoids,5,0.4109338690075758,17335.66138925634
kotek-16.png,kmedoids,6,0.3989452029390951,17121.99999619667
kotek-16.png,kmedoids,7,0.3670821698019544,16594.782716035916
kotek-16.png,kmedoids,8,0.3493901519713311,16496.176065514217
kotek-16.png,kmedoids,9,0.3607022466710416,16429.571316669022
kotek-16.png,kmedoids,10,0.34687790123804263,16028.65740357269
kotek-16.png,kmedoids,11,0.34371981342660735,15817.894454405581
kotek-16.png,kmedoids,12,0.33690578970603013,15544.581046573378
kotek-16.png,kmedoids,13,0.32553190697614676,15508.285802828086
kotek-16.png,kmedoids,14,0.32583678889656104,15038.220008818787
kotek-16.png,kmedoids,15,0.32574709829925697,15069.674382582201
kotek-16.png,kmedoids,16,0.3196617950532238,14857.280001577205
kotek-16.png,kmedoids,17,0.3173311624835975,14771.017183359694
kotek-16.png,kmedoids,18,0.31880655353972776,14634.98497622628
kotek-16.png,kmedoids,19,0.31622047544192483,14776.510317283104
kotek-16.png,kmedoids,20,0.3132895429645942,14707.318731785077
kotek-17.png,kmeans,5,0.3737043237070432,17692.98600326089
kotek-17.png,kmeans,6,0.3433268243397807,16648.136801569508
kotek-17.png,kmeans,7,0.347380939140579,15821.271463659787
kotek-17.png,kmeans,8,0.3450821833263329,15187.303283401785
kotek-17.png,kmeans,9,0.3325531643552243,14658.107417691284
kotek-17.png,kmeans,10,0.32952511701001636,14174.726307362542
kotek-17.png,kmeans,11,0.32331691770551485,13800.133059323645
kotek-17.png,kmeans,12,0.32522989503551897,13545.269657218425
kotek-17.png,kmeans,13,0.3245819433474945,13248.709782177397
kotek-17.png,kmeans,14,0.32154342388249224,13031.496190890446
kotek-17.png,kmeans,15,0.3236065443348636,12897.792358212575
kotek-17.png,kmeans,16,0.3161334380105917,12652.23902187311
kotek-17.png,kmeans,17,0.3160803022294564,12384.038690088279
kotek-17.png,kmeans,18,0.3116323160013682,12199.817407313769
kotek-17.png,kmeans,19,0.3105560980525868,12049.860426102237
kotek-17.png,kmeans,20,0.30821373003728825,11848.280253558982
kotek-17.png,kmedoids,5,0.36547276275024065,17346.663517265115
kotek-17.png,kmedoids,6,0.33542708233712426,16364.305643746697
kotek-17.png,kmedoids,7,0.3297829146284362,15443.246471102295
kotek-17.png,kmedoids,8,0.3304056671469112,15019.140433402621
kotek-17.png,kmedoids,9,0.32648811679580997,14473.975392190629
kotek-17.png,kmedoids,10,0.31254082013733236,13983.923156725368
kotek-17.png,kmedoids,11,0.31005453079346634,13582.759839407672
kotek-17.png,kmedoids,12,0.30570154255015913,13265.88247133468
kotek-17.png,kmedoids,13,0.3080181549598515,13009.811940720607
kotek-17.png,kmedoids,14,0.3080861184595302,12800.688577733948
kotek-17.png,kmedoids,15,0.3061271015887193,12503.03916484945
kotek-17.png,kmedoids,16,0.30653239861980486,12415.893221623282
kotek-17.png,kmedoids,17,0.30377036561398646,12189.558467563857
kotek-17.png,kmedoids,18,0.30151647542292925,12072.2550117842
kotek-17.png,kmedoids,19,0.29926914900531926,11892.54212414092
kotek-17.png,kmedoids,20,0.2964641015687114,11667.68295573408
kotek-18.png,kmeans,5,0.4151443557908654,16617.521907584516
kotek-18.png,kmeans,6,0.3917983047103941,16644.68230991215
kotek-18.png,kmeans,7,0.3746710615334797,16359.001586708468
kotek-18.png,kmeans,8,0.3541933753622725,15856.83423685673
kotek-18.png,kmeans,9,0.34418794633011957,15227.058103035286
kotek-18.png,kmeans,10,0.34236124333222173,14987.495525470516
kotek-18.png,kmeans,11,0.3405273052411632,14827.713423497811
kotek-18.png,kmeans,12,0.33383168543053504,14671.167030120472
kotek-18.png,kmeans,13,0.3329677098239004,14496.183204427309
kotek-18.png,kmeans,14,0.3290174500113524,14339.813109371014
kotek-18.png,kmeans,15,0.32241439569153385,14183.25232059461
kotek-18.png,kmeans,16,0.31653559880433535,13927.906199122197
kotek-18.png,kmeans,17,0.31158636542410634,13837.312447601373
kotek-18.png,kmeans,18,0.3110098615211202,13666.328339934047
kotek-18.png,kmeans,19,0.3050582165348369,13504.417590367699
kotek-18.png,kmeans,20,0.3069405409250593,13406.904244631645
kotek-18.png,kmedoids,5,0.38925133185214195,15494.481159625017
kotek-18.png,kmedoids,6,0.37087946350214274,15564.642655152633
kotek-18.png,kmedoids,7,0.3558437939180208,15215.419067937555
kotek-18.png,kmedoids,8,0.3453427939993266,15315.077604117945
kotek-18.png,kmedoids,9,0.3246854249933808,14351.600123926497
kotek-18.png,kmedoids,10,0.317076162306411,13826.060833407517
kotek-18.png,kmedoids,11,0.31592482360932916,13542.307401195718
kotek-18.png,kmedoids,12,0.31677150952995786,13277.967135757825
kotek-18.png,kmedoids,13,0.3157733646057571,13461.829194860538
kotek-18.png,kmedoids,14,0.3042576744767093,13115.656481223865
kotek-18.png,kmedoids,15,0.2973073574399092,12672.309123350777
kotek-18.png,kmedoids,16,0.2974263163288015,12576.985831040109
kotek-18.png,kmedoids,17,0.28994658856129873,12232.411182188225
kotek-18.png,kmedoids,18,0.28733771428254296,11946.770156564937
kotek-18.png,kmedoids,19,0.2841598483895587,11842.236307437597
kotek-18.png,kmedoids,20,0.28423847041733474,11846.87972176004
kotek-19.png,kmeans,5,0.43627157780173575,26464.30126629497
kotek-19.png,kmeans,6,0.4006992241209167,26178.550614587773
kotek-19.png,kmeans,7,0.37416921595463537,25382.440082468616
kotek-19.png,kmeans,8,0.34895541166445293,24484.22080840187
kotek-19.png,kmeans,9,0.3299449164676244,23502.82650934636
kotek-19.png,kmeans,10,0.3144873684393535,22397.23960933534
kotek-19.png,kmeans,11,0.3132250754397064,21764.49467432925
kotek-19.png,kmeans,12,0.31169059516418673,21171.80700419084
kotek-19.png,kmeans,13,0.3100500659937091,20577.717215661974
kotek-19.png,kmeans,14,0.30910722987316247,20268.535962625232
kotek-19.png,kmeans,15,0.3055434810154248,19915.213724901434
kotek-19.png,kmeans,16,0.30474059773220913,19578.884302896982
kotek-19.png,kmeans,17,0.3047297003347247,19321.13801578498
kotek-19.png,kmeans,18,0.3019476079024452,19036.320330311486
kotek-19.png,kmeans,19,0.2966401460650314,18729.59689934382
kotek-19.png,kmeans,20,0.29387631981958834,18485.25466251337
kotek-19.png,kmedoids,5,0.4215254930302696,25704.47145941548
kotek-19.png,kmedoids,6,0.38562789477389636,25355.475840356514
kotek-19.png,kmedoids,7,0.35530764130660963,24468.817030706537
kotek-19.png,kmedoids,8,0.3300168466328657,23238.28376384123
kotek-19.png,kmedoids,9,0.3118897604862965,22652.38627993961
kotek-19.png,kmedoids,10,0.30506931259741077,21611.958901327765
kotek-19.png,kmedoids,11,0.30305785453184403,20705.20872684206
kotek-19.png,kmedoids,12,0.30463194117084125,20553.814349679265
kotek-19.png,kmedoids,13,0.2999264858371699,20111.258033070008
kotek-19.png,kmedoids,14,0.28994476648445056,19676.98526509935
kotek-19.png,kmedoids,15,0.291886053689714,19409.113635948943
kotek-19.png,kmedoids,16,0.28630156540029017,18882.796731769107
kotek-19.png,kmedoids,17,0.28461058772961295,18545.02358063602
kotek-19.png,kmedoids,18,0.2815570868567846,18310.5353488146
kotek-19.png,kmedoids,19,0.2764874259356357,17992.302984257094
kotek-19.png,kmedoids,20,0.279054647003573,17658.541938442755
kotek-2.png,kmeans,5,0.5293234176203466,22328.66178814114
kotek-2.png,kmeans,6,0.5036996830258513,22483.496238206
kotek-2.png,kmeans,7,0.5082833012620858,22880.41930439423
kotek-2.png,kmeans,8,0.5057278489522308,24290.54237174373
kotek-2.png,kmeans,9,0.5008594029263763,24417.785833952006
kotek-2.png,kmeans,10,0.4991190882245376,25620.006106575624
kotek-2.png,kmeans,11,0.4660145342811067,24375.450789452334
kotek-2.png,kmeans,12,0.4584030178597425,25413.328202592544
kotek-2.png,kmeans,13,0.45223288833071,25489.35810292575
kotek-2.png,kmeans,14,0.43464120904613035,25535.069798933302
kotek-2.png,kmeans,15,0.42562387840576504,25020.134079643554
kotek-2.png,kmeans,16,0.4229464152492694,25061.922578060632
kotek-2.png,kmeans,17,0.4154772986218009,24936.303236236046
kotek-2.png,kmeans,18,0.40972074147511506,24860.47590621832
kotek-2.png,kmeans,19,0.3967490665566601,24689.646918801453
kotek-2.png,kmeans,20,0.3904728193115671,24428.057963005933
kotek-2.png,kmedoids,5,0.49749379948813405,22452.170766251413
kotek-2.png,kmedoids,6,0.46950467753264846,20855.871338781624
kotek-2.png,kmedoids,7,0.4801671820630219,20796.767365999553
kotek-2.png,kmedoids,8,0.4956471611884744,23762.889277348142
kotek-2.png,kmedoids,9,0.47861217676272005,23487.852943751546
kotek-2.png,kmedoids,10,0.4294464689569343,22571.39957788017
kotek-2.png,kmedoids,11,0.4229609546577894,23152.682972277005
kotek-2.png,kmedoids,12,0.4175229914173909,23424.622688258238
kotek-2.png,kmedoids,13,0.41263107376677544,24468.929780510276
kotek-2.png,kmedoids,14,0.40417938714925067,24293.20812423304
kotek-2.png,kmedoids,15,0.4010774542960882,24066.16769624486
kotek-2.png,kmedoids,16,0.39160193959636247,23690.928807379427
kotek-2.png,kmedoids,17,0.3885931600869369,23328.354237497653
kotek-2.png,kmedoids,18,0.37739727805381396,23023.426926985783
kotek-2.png,kmedoids,19,0.36525596120341863,22656.22384437493
kotek-2.png,kmedoids,20,0.3561956114886655,22588.51022709498
kotek-20.png,kmeans,5,0.3837067477506043,14767.609632667689
kotek-20.png,kmeans,6,0.3694321418587474,14643.455450346732
kotek-20.png,kmeans,7,0.3708416971180485,13978.270756763115
kotek-20.png,kmeans,8,0.35490991057346816,14175.99272565925
kotek-20.png,kmeans,9,0.35686800049291717,14044.27005218213
kotek-20.png,kmeans,10,0.3487991637777565,13754.327881439798
kotek-20.png,kmeans,11,0.3423511304433557,13745.493957651037
kotek-20.png,kmeans,12,0.3376894529174171,13541.526713277464
kotek-20.png,kmeans,13,0.3358212298196939,13297.817405288055
kotek-20.png,kmeans,14,0.3299890821776917,13080.60576951946
kotek-20.png,kmeans,15,0.3225685669381288,12943.316971830729
kotek-20.png,kmeans,16,0.32159240500268466,12788.52016207438
kotek-20.png,kmeans,17,0.31767836735413535,12773.860940593644
kotek-20.png,kmeans,18,0.31445508481914736,12673.322462479064
kotek-20.png,kmeans,19,0.3068393013048854,12581.934885038918
kotek-20.png,kmeans,20,0.3045171163311564,12449.831205433456
kotek-20.png,kmedoids,5,0.362840864453638,14379.863314428696
kotek-20.png,kmedoids,6,0.34251422571749995,14688.412030757105
kotek-20.png,kmedoids,7,0.3332228852222022,13870.86201356294
kotek-20.png,kmedoids,8,0.3225002557102533,13626.332890857802
kotek-20.png,kmedoids,9,0.32962624313702105,13762.603005044544
kotek-20.png,kmedoids,10,0.3139381636445468,13301.223762335296
kotek-20.png,kmedoids,11,0.306973401056151,13161.202341825681
kotek-20.png,kmedoids,12,0.3123852980319929,13137.406276079495
kotek-20.png,kmedoids,13,0.3092304706602162,13050.923547092243
kotek-20.png,kmedoids,14,0.3020662015510392,12845.91506193197
kotek-20.png,kmedoids,15,0.2957502609518494,12616.092694530333
kotek-20.png,kmedoids,16,0.29578126107873826,12388.573850103512
kotek-20.png,kmedoids,17,0.29672196578043636,12360.15560993093
kotek-20.png,kmedoids,18,0.2957845589302502,12198.750111538147
kotek-20.png,kmedoids,19,0.2853399592958664,12016.233643112431
kotek-20.png,kmedoids,20,0.28966394318178923,12204.160068422821
kotek-21.png,kmeans,5,0.3656521695083194,16290.054045904564
kotek-21.png,kmeans,6,0.3581760436948784,15190.496512818843
kotek-21.png,kmeans,7,0.3552107921870443,14586.859221190267
kotek-21.png,kmeans,8,0.34261158602807706,14478.88455333098
kotek-21.png,kmeans,9,0.34704974097483443,14430.212201943115
kotek-21.png,kmeans,10,0.32545744003720195,14185.038615425041
kotek-21.png,kmeans,11,0.3238492290462486,13742.016793697625
kotek-21.png,kmeans,12,0.3245853633136853,13405.334284396205
kotek-21.png,kmeans,13,0.323416071791085,13123.244863015596
kotek-21.png,kmeans,14,0.3160137597601624,12902.161759168112
kotek-21.png,kmeans,15,0.315401651723359,12678.176197182129
kotek-21.png,kmeans,16,0.3147618179334055,12481.725596471446
kotek-21.png,kmeans,17,0.3182229024005038,12321.583760856893
kotek-21.png,kmeans,18,0.3071450298479076,12196.491990998218
kotek-21.png,kmeans,19,0.30162079150042514,11930.395029734946
kotek-21.png,kmeans,20,0.29770089793304766,11771.832000948067
kotek-21.png,kmedoids,5,0.341673841531989,15848.307343450553
kotek-21.png,kmedoids,6,0.33690560081000703,14629.455926064009
kotek-21.png,kmedoids,7,0.31978247376204605,13546.916830813087
kotek-21.png,kmedoids,8,0.3293090997145086,13531.695146459024
kotek-21.png,kmedoids,9,0.3236178104890095,13458.747578988297
kotek-21.png,kmedoids,10,0.3143629164579612,13402.70422573568
kotek-21.png,kmedoids,11,0.31423131685285455,13180.544348653599
kotek-21.png,kmedoids,12,0.30584752132917287,13209.811623280752
kotek-21.png,kmedoids,13,0.29627137147878574,12808.69908884367
kotek-21.png,kmedoids,14,0.2998335468724251,12633.283100088363
kotek-21.png,kmedoids,15,0.28387975831304674,12142.163989606324
kotek-21.png,kmedoids,16,0.28024029983987003,11931.2861135655
kotek-21.png,kmedoids,17,0.2809703894242614,11894.782321419216
kotek-21.png,kmedoids,18,0.28291431134111134,11658.112349357834
kotek-21.png,kmedoids,19,0.2759763482988965,11592.198492934715
kotek-21.png,kmedoids,20,0.28089534196010674,11170.544751836735
kotek-22.png,kmeans,5,0.4926923125731798,34768.0433591108
kotek-22.png,kmeans,6,0.5061901406716287,36865.66009125514
kotek-22.png,kmeans,7,0.49026017641430064,39074.771401116224
kotek-22.png,kmeans,8,0.48051033721537983,38543.53863934987
kotek-22.png,kmeans,9,0.487128630149523,41337.36347487184
kotek-22.png,kmeans,10,0.4759434424598342,42614.17813011295
kotek-22.png,kmeans,11,0.4644950893878656,44252.52692630475
kotek-22.png,kmeans,12,0.458614912036186,45320.177074750434
kotek-22.png,kmeans,13,0.4536935076987299,45971.31480963428
kotek-22.png,kmeans,14,0.43553731259670914,46026.512522525634
kotek-22.png,kmeans,15,0.43662587780352224,45999.82805081915
kotek-22.png,kmeans,16,0.43056813696376217,46868.80586346549
kotek-22.png,kmeans,17,0.42634812914334164,46837.22839192828
kotek-22.png,kmeans,18,0.4175684753866117,47199.37616261568
kotek-22.png,kmeans,19,0.41990489016106886,47255.16868222368
kotek-22.png,kmeans,20,0.41190147063224003,47607.90563581695
kotek-22.png,kmedoids,5,0.49578295753867907,29793.7036101237
kotek-22.png,kmedoids,6,0.4727302671827801,33343.23105745363
kotek-22.png,kmedoids,7,0.43938000224609136,30464.012095912796
kotek-22.png,kmedoids,8,0.4394717409534765,35714.43027170251
kotek-22.png,kmedoids,9,0.4289136704829849,36420.03975293673
kotek-22.png,kmedoids,10,0.4472825251852296,38621.6037671152
kotek-22.png,kmedoids,11,0.4286634582564913,39121.60943414319
kotek-22.png,kmedoids,12,0.41880123686498905,40694.326711657064
kotek-22.png,kmedoids,13,0.41494977234803193,41665.741598079854
kotek-22.png,kmedoids,14,0.40907544171811516,42041.492918929114
kotek-22.png,kmedoids,15,0.4033861432559733,42847.934910955264
kotek-22.png,kmedoids,16,0.3965503820154058,42739.69632313018
kotek-22.png,kmedoids,17,0.38985468254586136,42718.70442264785
kotek-22.png,kmedoids,18,0.38486976758687896,41897.85131598987
kotek-22.png,kmedoids,19,0.378858159925272,41900.29224551935
kotek-22.png,kmedoids,20,0.3719092391135897,42025.31428542976
kotek-23.png,kmeans,5,0.5506897434676035,42530.75698081493
kotek-23.png,kmeans,6,0.5343872734110973,41838.79814372622
kotek-23.png,kmeans,7,0.5379067255502535,43469.737165659564
kotek-23.png,kmeans,8,0.5361401030782874,43707.1144295036
kotek-23.png,kmeans,9,0.53321121871151,44301.563280940565
kotek-23.png,kmeans,10,0.5265509461941491,43799.29562188535
kotek-23.png,kmeans,11,0.527236509060874,44596.838386593
kotek-23.png,kmeans,12,0.5238905026826582,44646.932707660366
kotek-23.png,kmeans,13,0.5130449068124179,45969.80103197315
kotek-23.png,kmeans,14,0.501774858693304,46389.658321308445
kotek-23.png,kmeans,15,0.49706253384796595,45389.67770322213
kotek-23.png,kmeans,16,0.4836016411122207,46254.430888626965
kotek-23.png,kmeans,17,0.47660268792001476,46374.64850230825
kotek-23.png,kmeans,18,0.47377393887069524,46453.99473334143
kotek-23.png,kmeans,19,0.4703995497434896,45928.88084613068
kotek-23.png,kmeans,20,0.46238742487461443,46015.55854612253
kotek-23.png,kmedoids,5,0.5469675860045882,42043.15133000749
kotek-23.png,kmedoids,6,0.5468402496008533,41232.430915316
kotek-23.png,kmedoids,7,0.539588033685296,44020.596526868045
kotek-23.png,kmedoids,8,0.5368199029973089,42894.2873007699
kotek-23.png,kmedoids,9,0.5074953854952742,42389.70316499756
kotek-23.png,kmedoids,10,0.49374133948083043,43441.52730829992
kotek-23.png,kmedoids,11,0.49011938355170426,43839.851370460645
kotek-23.png,kmedoids,12,0.47929361519490543,43627.658174536125
kotek-23.png,kmedoids,13,0.47423318366403233,44340.08913383142
kotek-23.png,kmedoids,14,0.46418076520724566,44916.127582344154
kotek-23.png,kmedoids,15,0.4393046436363604,44242.952775099606
kotek-23.png,kmedoids,16,0.4396472835944616,44820.95398060023
kotek-23.png,kmedoids,17,0.4214563819609761,44533.47553095603
kotek-23.png,kmedoids,18,0.40950834304758904,43797.142843476344
kotek-23.png,kmedoids,19,0.4056275850350485,44118.17313516646
kotek-23.png,kmedoids,20,0.40721629993925906,44138.38343903063
kotek-24.png,kmeans,5,0.5178709870870941,24117.913023429504
kotek-24.png,kmeans,6,0.48492268339247807,24046.5434911575
kotek-24.png,kmeans,7,0.4911634132889984,23829.050364306404
kotek-24.png,kmeans,8,0.4795826591396879,23882.179815088
kotek-24.png,kmeans,9,0.4711856514923422,23737.638869803435
kotek-24.png,kmeans,10,0.4543407521261781,23523.39161894398
kotek-24.png,kmeans,11,0.4500484712021652,23752.494532817585
kotek-24.png,kmeans,12,0.43349144489729524,23611.06872227745
kotek-24.png,kmeans,13,0.42730160869812267,23177.12519958941
kotek-24.png,kmeans,14,0.42188987125718913,22985.083129936163
kotek-24.png,kmeans,15,0.4207829582741011,22565.86502866177
kotek-24.png,kmeans,16,0.4178449339144857,22142.75447532195
kotek-24.png,kmeans,17,0.414523163367987,22069.36627814866
kotek-24.png,kmeans,18,0.41090993726051667,21551.05334537844
kotek-24.png,kmeans,19,0.41055873873216536,21510.97480555173
kotek-24.png,kmeans,20,0.4080692254575764,21184.079796342576
kotek-24.png,kmedoids,5,0.4761180610327333,20592.5543819542
kotek-24.png,kmedoids,6,0.4649137313757355,23164.418505577167
kotek-24.png,kmedoids,7,0.4352112546745376,22036.2659246884
kotek-24.png,kmedoids,8,0.4127285225218575,21571.114003751056
kotek-24.png,kmedoids,9,0.40785478357547345,21975.255889867403
kotek-24.png,kmedoids,10,0.40540943008561214,21755.999216852266
kotek-24.png,kmedoids,11,0.3985216093755649,21641.637380312357
kotek-24.png,kmedoids,12,0.39031326930116594,21661.542307219086
kotek-24.png,kmedoids,13,0.38459403105037276,21802.92022426558
kotek-24.png,kmedoids,14,0.3723068340952799,21567.255240611008
kotek-24.png,kmedoids,15,0.36997604920278077,21251.00669579312
kotek-24.png,kmedoids,16,0.37345270670194414,21263.835917165245
kotek-24.png,kmedoids,17,0.36855413757213745,20794.38311320295
kotek-24.png,kmedoids,18,0.37310658058675183,20765.934858258785
kotek-24.png,kmedoids,19,0.3721957128408309,20496.0189349988
kotek-24.png,kmedoids,20,0.3644729327462122,20021.197396936044
kotek-25.png,kmeans,5,0.46831246511939273,21270.923202909464
kotek-25.png,kmeans,6,0.4524529679590635,21401.873428506602
kotek-25.png,kmeans,7,0.44276182389641183,20862.948910904815
kotek-25.png,kmeans,8,0.4391932829315273,20469.60964926145
kotek-25.png,kmeans,9,0.43108621040622463,20309.385284507458
kotek-25.png,kmeans,10,0.4339247291306777,20538.17012287843
kotek-25.png,kmeans,11,0.4317540055166805,20730.973532431068
kotek-25.png,kmeans,12,0.4261978283183451,20598.00825386076
kotek-25.png,kmeans,13,0.4240060315471643,21005.70486630406
kotek-25.png,kmeans,14,0.42686485661450624,21166.297291753555
kotek-25.png,kmeans,15,0.4246818030878624,21547.492245369904
kotek-25.png,kmeans,16,0.4246987391323523,21695.67382886438
kotek-25.png,kmeans,17,0.4195059639609415,21787.281378073145
kotek-25.png,kmeans,18,0.4117643392281609,22260.828633941732
kotek-25.png,kmeans,19,0.4047354325126914,22143.60583739521
kotek-25.png,kmeans,20,0.40297575405056696,22089.452756836057
kotek-25.png,kmedoids,5,0.445597323117211,20651.391188636666
kotek-25.png,kmedoids,6,0.4314771020390761,18965.807524581673
kotek-25.png,kmedoids,7,0.4306858677535172,19680.98032387349
kotek-25.png,kmedoids,8,0.4126593076602118,18562.46650514741
kotek-25.png,kmedoids,9,0.4058276670021025,18552.445857877377
kotek-25.png,kmedoids,10,0.3983378920019473,18315.73851653636
kotek-25.png,kmedoids,11,0.38945401257959117,17802.117435889242
kotek-25.png,kmedoids,12,0.38267937833872134,18417.63399391189
kotek-25.png,kmedoids,13,0.3812630091618649,18892.82596329309
kotek-25.png,kmedoids,14,0.37561200471381617,18567.75207032133
kotek-25.png,kmedoids,15,0.3797814492890921,18470.48948175179
kotek-25.png,kmedoids,16,0.37251753461158316,18080.63678097573
kotek-25.png,kmedoids,17,0.3729464591128684,18059.969040141707
kotek-25.png,kmedoids,18,0.3658125647158483,17980.711046517077
kotek-25.png,kmedoids,19,0.35961975255443374,17823.6128416939
kotek-25.png,kmedoids,20,0.3612576003094445,18310.628721093908
kotek-26.png,kmeans,5,0.3965127129154663,16608.862230249866
kotek-26.png,kmeans,6,0.39178919714930394,16063.889841790102
kotek-26.png,kmeans,7,0.3787856272180295,15790.386029139525
kotek-26.png,kmeans,8,0.3637022719804869,14963.751253352351
kotek-26.png,kmeans,9,0.3508131603433087,14368.06503649741
kotek-26.png,kmeans,10,0.3401318396971968,13955.858153770077
kotek-26.png,kmeans,11,0.34058230088790975,13713.521191416987
kotek-26.png,kmeans,12,0.3370427941531045,13515.754217258615
kotek-26.png,kmeans,13,0.3270424944654307,13219.216365694694
kotek-26.png,kmeans,14,0.3169677127443543,12883.267746995625
kotek-26.png,kmeans,15,0.3157351689824299,12589.770198312926
kotek-26.png,kmeans,16,0.3153778391938098,12450.92834972121
kotek-26.png,kmeans,17,0.31169969982647994,12304.823251415937
kotek-26.png,kmeans,18,0.3074716872287505,11962.37465277176
kotek-26.png,kmeans,19,0.3026183826281444,11891.669309667035
kotek-26.png,kmeans,20,0.3018603999523932,11642.489606606518
kotek-26.png,kmedoids,5,0.36295036933821684,16253.052843074425
kotek-26.png,kmedoids,6,0.35002408282007813,15437.116565178823
kotek-26.png,kmedoids,7,0.35233870781638765,15247.865334240832
kotek-26.png,kmedoids,8,0.3429937346045392,14559.529019554122
kotek-26.png,kmedoids,9,0.3337952811428062,14076.394679757135
kotek-26.png,kmedoids,10,0.3261214088025051,13627.105145738422
kotek-26.png,kmedoids,11,0.30238669878814733,13153.057620671843
kotek-26.png,kmedoids,12,0.2990558108215298,12859.783003247467
kotek-26.png,kmedoids,13,0.29803683697821604,12512.804317240672
kotek-26.png,kmedoids,14,0.28829230871297057,12180.667406738597
kotek-26.png,kmedoids,15,0.2866170177371334,11824.849256233507
kotek-26.png,kmedoids,16,0.2874098766441124,11659.545432356585
kotek-26.png,kmedoids,17,0.28069456759489486,11384.852915291827
kotek-26.png,kmedoids,18,0.2825354789142,11276.515969428854
kotek-26.png,kmedoids,19,0.2793479647437114,11141.66603989309
kotek-26.png,kmedoids,20,0.2782482693612365,11098.048595963095
kotek-27.png,kmeans,5,0.3734749036116348,14771.128305606268
kotek-27.png,kmeans,6,0.35719292179665024,13652.322631750832
kotek-27.png,kmeans,7,0.3454052197218816,13308.600418251252
kotek-27.png,kmeans,8,0.34798740609648837,13204.242618086206
kotek-27.png,kmeans,9,0.34221030426153953,12967.892814445731
kotek-27.png,kmeans,10,0.3353099206786504,12747.765093016387
kotek-27.png,kmeans,11,0.3283848677463244,12470.46996081927
kotek-27.png,kmeans,12,0.31957369526268437,12187.664888769208
kotek-27.png,kmeans,13,0.31470486979761886,11831.951635383219
kotek-27.png,kmeans,14,0.310172690983095,11543.945671421428
kotek-27.png,kmeans,15,0.3063838601599845,11308.6334262786
kotek-27.png,kmeans,16,0.3091799133248646,11092.103249196642
kotek-27.png,kmeans,17,0.30555999812441476,10893.329425256286
kotek-27.png,kmeans,18,0.30199956171994324,10710.008567256318
kotek-27.png,kmeans,19,0.3024136719267823,10504.40871883878
kotek-27.png,kmeans,20,0.29825276082390745,10321.048242176515
kotek-27.png,kmedoids,5,0.3620536501801849,14214.482223831219
kotek-27.png,kmedoids,6,0.3330858561015205,13369.7510295093
kotek-27.png,kmedoids,7,0.3344227112981158,12710.687143959125
kotek-27.png,kmedoids,8,0.31996230983751506,12062.07540206428
kotek-27.png,kmedoids,9,0.31818145362739836,11665.785597469378
kotek-27.png,kmedoids,10,0.31432224115843493,11697.983825803833
kotek-27.png,kmedoids,11,0.3090160631368272,11431.807581831326
kotek-27.png,kmedoids,12,0.2993070207502234,11135.017924405638
kotek-27.png,kmedoids,13,0.29238215035891074,10778.265023780388
kotek-27.png,kmedoids,14,0.29091114964459497,10488.415968419464
kotek-27.png,kmedoids,15,0.28590905429391444,10262.150777289273
kotek-27.png,kmedoids,16,0.2869381820718485,10131.187372087577
kotek-27.png,kmedoids,17,0.28497497562792445,10014.969834040288
kotek-27.png,kmedoids,18,0.2854020384540047,9981.51666329266
kotek-27.png,kmedoids,19,0.28718261475354606,9873.93395462517
kotek-27.png,kmedoids,20,0.28696524450187705,9737.758899801156
kotek-28.png,kmeans,5,0.45541513488701363,28211.880564481595
kotek-28.png,kmeans,6,0.4395699195984797,27273.521461188368
kotek-28.png,kmeans,7,0.41657766711517663,25761.94988618314
kotek-28.png,kmeans,8,0.41005155809961524,24441.528208644224
kotek-28.png,kmeans,9,0.4058120362935223,23975.239665636902
kotek-28.png,kmeans,10,0.40557241692359963,23373.937422086387
kotek-28.png,kmeans,11,0.3957779646296549,22535.22368673747
kotek-28.png,kmeans,12,0.39440186544437006,22381.82166842222
kotek-28.png,kmeans,13,0.39100954024713175,21872.25447867081
kotek-28.png,kmeans,14,0.38346074173960326,21404.222607768068
kotek-28.png,kmeans,15,0.3753266785060133,21043.928400331904
kotek-28.png,kmeans,16,0.372728099005007,20686.033463264677
kotek-28.png,kmeans,17,0.373988988977543,20543.398525651908
kotek-28.png,kmeans,18,0.3713477750529247,20148.51905319735
kotek-28.png,kmeans,19,0.3642047183152296,19879.691901541853
kotek-28.png,kmeans,20,0.36031538388947015,19662.32320525264
kotek-28.png,kmedoids,5,0.4314616735399289,27317.456840407016
kotek-28.png,kmedoids,6,0.4052636450292747,25793.491434885997
kotek-28.png,kmedoids,7,0.38604876176400643,24097.336613683576
kotek-28.png,kmedoids,8,0.3774396943784028,22968.68496164645
kotek-28.png,kmedoids,9,0.3856655638369812,23019.117266944733
kotek-28.png,kmedoids,10,0.38467171628323243,22485.19290150045
kotek-28.png,kmedoids,11,0.37283645044566505,21833.010734120584
kotek-28.png,kmedoids,12,0.3519339390426412,21045.124426888917
kotek-28.png,kmedoids,13,0.33844925190827435,20183.05871913474
kotek-28.png,kmedoids,14,0.33256664984305956,19706.962887666796
kotek-28.png,kmedoids,15,0.32952005572099996,19203.873025830726
kotek-28.png,kmedoids,16,0.31820009818818284,18621.34875064178
kotek-28.png,kmedoids,17,0.31649998185594946,18349.57669690311
kotek-28.png,kmedoids,18,0.31611340066447025,18088.527898362685
kotek-28.png,kmedoids,19,0.3130039798267533,17674.944483642324
kotek-28.png,kmedoids,20,0.31119009781411683,17365.551035109926
kotek-29.png,kmeans,5,0.41083767132414517,19312.63172206231
kotek-29.png,kmeans,6,0.42618046088800376,19290.59795316076
kotek-29.png,kmeans,7,0.4275822881586257,20046.391470069597
kotek-29.png,kmeans,8,0.40834550803979414,20521.70133583318
kotek-29.png,kmeans,9,0.3955270091691804,20319.876660515947
kotek-29.png,kmeans,10,0.38583634368922853,20161.344891837794
kotek-29.png,kmeans,11,0.37679192675060025,19903.104633357165
kotek-29.png,kmeans,12,0.36318747484667446,19745.843057814516
kotek-29.png,kmeans,13,0.35695922032056826,19256.42771299538
kotek-29.png,kmeans,14,0.35625072513468004,19195.321153524543
kotek-29.png,kmeans,15,0.3551197679141653,18892.882894054128
kotek-29.png,kmeans,16,0.35648813110345634,18887.216585140486
kotek-29.png,kmeans,17,0.3521232896459267,18867.04684262435
kotek-29.png,kmeans,18,0.3450022859197156,18533.174667058287
kotek-29.png,kmeans,19,0.34173118241343525,18327.768576278693
kotek-29.png,kmeans,20,0.33892654945382616,17960.95154043911
kotek-29.png,kmedoids,5,0.3823376510781518,18687.72217892258
kotek-29.png,kmedoids,6,0.40601031134250515,18535.211390363285
kotek-29.png,kmedoids,7,0.38637407651011824,17893.165439323482
kotek-29.png,kmedoids,8,0.3575769486307042,16964.82549352145
kotek-29.png,kmedoids,9,0.36986048213871336,18870.90547792849
kotek-29.png,kmedoids,10,0.37231906896080236,19442.96545437696
kotek-29.png,kmedoids,11,0.3589285231074517,18906.8585745189
kotek-29.png,kmedoids,12,0.3474378836692261,18335.870218171272
kotek-29.png,kmedoids,13,0.3370500722643935,17904.170332753285
kotek-29.png,kmedoids,14,0.33851560519895724,18133.72510423035
kotek-29.png,kmedoids,15,0.33487446153930955,17932.270886382285
kotek-29.png,kmedoids,16,0.3357260624452669,17914.77462031559
kotek-29.png,kmedoids,17,0.32938342060169556,17466.75090912361
kotek-29.png,kmedoids,18,0.31973211288148307,17037.451733739486
kotek-29.png,kmedoids,19,0.32004015482683157,16816.83289562445
kotek-29.png,kmedoids,20,0.32348038261312234,16831.985900706044
kotek-3.png,kmeans,5,0.40541842951026164,12488.707208378208
kotek-3.png,kmeans,6,0.39682930621532725,12546.402798264733
kotek-3.png,kmeans,7,0.3867628548058127,12865.81894343243
kotek-3.png,kmeans,8,0.4126095981344182,13799.987473549956
kotek-3.png,kmeans,9,0.3868733119435097,13782.912253088341
kotek-3.png,kmeans,10,0.38734849159300505,13724.919903066626
kotek-3.png,kmeans,11,0.3868620838590589,13946.574556659087
kotek-3.png,kmeans,12,0.38278358958017944,13848.454384143846
kotek-3.png,kmeans,13,0.37293259440991655,13842.036113333505
kotek-3.png,kmeans,14,0.3662948199051447,13871.813714466363
kotek-3.png,kmeans,15,0.35989665404694704,13745.69653938036
kotek-3.png,kmeans,16,0.35384073580490877,13534.911618438437
kotek-3.png,kmeans,17,0.34938721661137084,13405.603638267441
kotek-3.png,kmeans,18,0.3513804374988525,13362.170358787316
kotek-3.png,kmeans,19,0.34379934130417455,13282.469881504945
kotek-3.png,kmeans,20,0.344955283525421,13121.376164044306
kotek-3.png,kmedoids,5,0.36519543443657587,10633.209658152127
kotek-3.png,kmedoids,6,0.364927979059561,11157.143266490582
kotek-3.png,kmedoids,7,0.3787889008586095,10963.257748279008
kotek-3.png,kmedoids,8,0.38304265014736605,11473.833098606436
kotek-3.png,kmedoids,9,0.36346125139957014,11086.914480742558
kotek-3.png,kmedoids,10,0.3620264972611659,10900.896320023494
kotek-3.png,kmedoids,11,0.3587809780623107,11595.400833876081
kotek-3.png,kmedoids,12,0.34937236242570463,10946.765208933532
kotek-3.png,kmedoids,13,0.3569045823226811,12206.46630113991
kotek-3.png,kmedoids,14,0.3430929215504388,12098.006138901295
kotek-3.png,kmedoids,15,0.3362655908170879,12525.422604922676
kotek-3.png,kmedoids,16,0.335401060391456,12327.378615654106
kotek-3.png,kmedoids,17,0.33047137249412584,11918.081411636715
kotek-3.png,kmedoids,18,0.33312691786067555,11819.233580026155
kotek-3.png,kmedoids,19,0.3337447645275541,11915.131514017825
kotek-3.png,kmedoids,20,0.3326815348661475,12004.947068693564
kotek-30.png,kmeans,5,0.4778554579323605,26775.765626455046
kotek-30.png,kmeans,6,0.4215791171353495,27188.01600164622
kotek-30.png,kmeans,7,0.41955847101397287,28005.492715618137
kotek-30.png,kmeans,8,0.39858842824686286,29215.4960960811
kotek-30.png,kmeans,9,0.38663385949539336,29867.880183459456
kotek-30.png,kmeans,10,0.35888788243976316,29851.832343412407
kotek-30.png,kmeans,11,0.35717634759184164,30119.891846097733
kotek-30.png,kmeans,12,0.36946030678880615,30278.418349261414
kotek-30.png,kmeans,13,0.3642725855225447,31085.713523146533
kotek-30.png,kmeans,14,0.36429339588280096,30857.935533457967
kotek-30.png,kmeans,15,0.3661163604700684,30694.095246697078
kotek-30.png,kmeans,16,0.35929095130238237,31006.875194163607
kotek-30.png,kmeans,17,0.3525278990447146,31385.141027110534
kotek-30.png,kmeans,18,0.349364162406325,31280.77852925493
kotek-30.png,kmeans,19,0.33584208362943724,31383.674509850727
kotek-30.png,kmeans,20,0.3366119280414694,31514.323718450985
kotek-30.png,kmedoids,5,0.38269745859957915,23099.683304755312
kotek-30.png,kmedoids,6,0.3325915043136023,22852.36883863145
kotek-30.png,kmedoids,7,0.3252394253844029,23630.325932206797
kotek-30.png,kmedoids,8,0.30116857330749214,22689.52189461823
kotek-30.png,kmedoids,9,0.2993266938351783,23939.722741845264
kotek-30.png,kmedoids,10,0.31074464993152445,23974.846323552185
kotek-30.png,kmedoids,11,0.3155655857526225,26251.512745884113
kotek-30.png,kmedoids,12,0.3181755714014424,26584.928764967415
kotek-30.png,kmedoids,13,0.31420206876043955,26916.294090614567
kotek-30.png,kmedoids,14,0.3026151053565827,26851.795055975068
kotek-30.png,kmedoids,15,0.3103962174653235,27740.332891621918
kotek-30.png,kmedoids,16,0.3077278353552707,27865.661106295458
kotek-30.png,kmedoids,17,0.29544565256015864,26913.840306935606
kotek-30.png,kmedoids,18,0.3007905700272283,27700.296977592072
kotek-30.png,kmedoids,19,0.2862317628171582,27250.86704172329
kotek-30.png,kmedoids,20,0.2866446902042461,27222.856298006365
kotek-31.png,kmeans,5,0.42297417698974166,21012.51412096181
kotek-31.png,kmeans,6,0.40331417238662537,20588.318904340704
kotek-31.png,kmeans,7,0.3971864563399274,20752.653504827158
kotek-31.png,kmeans,8,0.3828566290621516,20304.041029161875
kotek-31.png,kmeans,9,0.378820965148461,19822.87909608031
kotek-31.png,kmeans,10,0.3719857062119411,19800.889997323542
kotek-31.png,kmeans,11,0.37238308601675607,19799.236703493403
kotek-31.png,kmeans,12,0.369529734954516,19646.60631309027
kotek-31.png,kmeans,13,0.3672688818044133,19633.389979050633
kotek-31.png,kmeans,14,0.3590976377293084,19528.773977426812
kotek-31.png,kmeans,15,0.3537588083960769,19164.58950792777
kotek-31.png,kmeans,16,0.3418066994465998,19132.22899070083
kotek-31.png,kmeans,17,0.3436389374465129,18930.385152899536
kotek-31.png,kmeans,18,0.331746450271689,18667.612616942693
kotek-31.png,kmeans,19,0.3319587254929514,18533.327094465185
kotek-31.png,kmeans,20,0.3302280606546898,18735.988076044014
kotek-31.png,kmedoids,5,0.4022087840084144,20017.607195131357
kotek-31.png,kmedoids,6,0.38120585017481934,19802.315887666344
kotek-31.png,kmedoids,7,0.3663429880798936,19600.189233144472
kotek-31.png,kmedoids,8,0.3596172592613062,19586.136584904987
kotek-31.png,kmedoids,9,0.35207613803959675,19442.201723624567
kotek-31.png,kmedoids,10,0.34114594084943023,19199.10448333179
kotek-31.png,kmedoids,11,0.32541744686302565,18480.63319801035
kotek-31.png,kmedoids,12,0.33634373248679,19102.721258246325
kotek-31.png,kmedoids,13,0.33462763521899047,18956.597449402063
kotek-31.png,kmedoids,14,0.33332161128236615,18607.6969522193
kotek-31.png,kmedoids,15,0.3310136548831276,18443.163379527414
kotek-31.png,kmedoids,16,0.3204133454355668,17936.946801967602
kotek-31.png,kmedoids,17,0.3090725379776723,17766.100917633332
kotek-31.png,kmedoids,18,0.30245059033959015,17572.775572320286
kotek-31.png,kmedoids,19,0.30427787360761194,17645.700903029854
kotek-31.png,kmedoids,20,0.29303838714396757,17113.333721396084
kotek-32.png,kmeans,5,0.4529213290719989,32191.017894500772
kotek-32.png,kmeans,6,0.43408232885911674,33805.18364074719
kotek-32.png,kmeans,7,0.42357964897482897,37147.66185764866
kotek-32.png,kmeans,8,0.4004879198114743,37536.760732940944
kotek-32.png,kmeans,9,0.3845578443012167,37712.40279257424
kotek-32.png,kmeans,10,0.36434855808342237,37090.96344199912
kotek-32.png,kmeans,11,0.3404027071564399,36470.415780949625
kotek-32.png,kmeans,12,0.34105369273449604,35461.05323449078
kotek-32.png,kmeans,13,0.32505216239058476,34507.50508834904
kotek-32.png,kmeans,14,0.32563403037414307,34280.5948156292
kotek-32.png,kmeans,15,0.3218178962488614,33598.5353746387
kotek-32.png,kmeans,16,0.3219907023677294,33338.62770870157
kotek-32.png,kmeans,17,0.31749663158115765,33089.83631028628
kotek-32.png,kmeans,18,0.3116408360279949,32643.147077966878
kotek-32.png,kmeans,19,0.30612690396220776,32210.897317127732
kotek-32.png,kmeans,20,0.30282009428954015,32252.552867512793
kotek-32.png,kmedoids,5,0.42018416309043094,26624.480231761372
kotek-32.png,kmedoids,6,0.410403258254554,29539.73395103502
kotek-32.png,kmedoids,7,0.3842614979770755,30853.764195332547
kotek-32.png,kmedoids,8,0.3743741281647159,34829.71644644342
kotek-32.png,kmedoids,9,0.3462622994678811,35159.19668155602
kotek-32.png,kmedoids,10,0.32273113576492546,33730.82151993216
kotek-32.png,kmedoids,11,0.30445357107410287,32805.12832534982
kotek-32.png,kmedoids,12,0.3072884516321713,32394.022695843094
kotek-32.png,kmedoids,13,0.3079470670951404,32851.448633919856
kotek-32.png,kmedoids,14,0.30549617366779547,31913.21711155025
kotek-32.png,kmedoids,15,0.30121552484020625,31470.52678039192
kotek-32.png,kmedoids,16,0.28938186601823884,30116.001528470737
kotek-32.png,kmedoids,17,0.2813139259737426,29467.971794865
kotek-32.png,kmedoids,18,0.27322511866659194,29481.721563390347
kotek-32.png,kmedoids,19,0.27367508464404977,28908.705675802536
kotek-32.png,kmedoids,20,0.27419036219712545,29136.764929035493
kotek-33.png,kmeans,5,0.6921531758359107,46133.13534652933
kotek-33.png,kmeans,6,0.6848458268888926,44589.70039774715
kotek-33.png,kmeans,7,0.6642466332147444,44069.37652929192
kotek-33.png,kmeans,8,0.6518072321670387,46089.07096668187
kotek-33.png,kmeans,9,0.6435829677291511,47562.34206126427
kotek-33.png,kmeans,10,0.6280428221932637,48853.5774901587
kotek-33.png,kmeans,11,0.6234892397353013,48284.66548136443
kotek-33.png,kmeans,12,0.6023373482604357,49148.17216714083
kotek-33.png,kmeans,13,0.5997014956223558,48612.62283889959
kotek-33.png,kmeans,14,0.5781490363948292,48397.507766172996
kotek-33.png,kmeans,15,0.5678660918210394,48151.09262573298
kotek-33.png,kmeans,16,0.5505026419471089,47935.98461487119
kotek-33.png,kmeans,17,0.5454615896572317,47338.20126500043
kotek-33.png,kmeans,18,0.5314927971802053,47297.37223799741
kotek-33.png,kmeans,19,0.5254366192347585,47555.42579022735
kotek-33.png,kmeans,20,0.5237683157310387,47173.58500084655
kotek-33.png,kmedoids,5,0.6472331522668642,44412.13128342708
kotek-33.png,kmedoids,6,0.5473512752920484,40103.95477043947
kotek-33.png,kmedoids,7,0.5225326256116184,40682.22048559039
kotek-33.png,kmedoids,8,0.5040876308631602,39225.729226964395
kotek-33.png,kmedoids,9,0.4976225678594193,39153.151520189866
kotek-33.png,kmedoids,10,0.46784372634240645,37643.59359907903
kotek-33.png,kmedoids,11,0.45395386884571404,40039.52205567651
kotek-33.png,kmedoids,12,0.4582809790462018,41171.574393120274
kotek-33.png,kmedoids,13,0.4510919334245835,41390.34824936999
kotek-33.png,kmedoids,14,0.43149958707447833,42349.762137040874
kotek-33.png,kmedoids,15,0.4193513059745654,42501.67818977886
kotek-33.png,kmedoids,16,0.42756519861386477,42627.91310874676
kotek-33.png,kmedoids,17,0.4261264755562998,41521.7457760193
kotek-33.png,kmedoids,18,0.4053602419195766,40732.33327260391
kotek-33.png,kmedoids,19,0.4070313113168102,40264.01006125088
kotek-33.png,kmedoids,20,0.3866072711804991,39620.34830790553
kotek-34.png,kmeans,5,0.437050774293868,36323.64054004658
kotek-34.png,kmeans,6,0.4052576281748664,36728.197020487794
kotek-34.png,kmeans,7,0.3981230823665568,36905.29515468616
kotek-34.png,kmeans,8,0.3940337704048892,37139.46470339753
kotek-34.png,kmeans,9,0.38319980576689594,38360.73166375772
kotek-34.png,kmeans,10,0.3707806030098198,37501.3759518071
kotek-34.png,kmeans,11,0.3779774356519493,37616.64004794893
kotek-34.png,kmeans,12,0.37400435779418517,37859.242004429085
kotek-34.png,kmeans,13,0.3635178778505869,37709.38515627415
kotek-34.png,kmeans,14,0.36768485046174804,37617.67407704874
kotek-34.png,kmeans,15,0.3641685680596528,37516.78555652388
kotek-34.png,kmeans,16,0.36037645925941836,37045.82356853997
kotek-34.png,kmeans,17,0.3644001361434181,36694.8302448489
kotek-34.png,kmeans,18,0.3714839846659432,36762.42364263755
kotek-34.png,kmeans,19,0.3746435814759148,36611.168506235335
kotek-34.png,kmeans,20,0.36812502029369637,35859.88156573774
kotek-34.png,kmedoids,5,0.3920019423525872,35085.48437221594
kotek-34.png,kmedoids,6,0.3734143677403533,34405.82517071546
kotek-34.png,kmedoids,7,0.35148857660556204,34092.474432792296
kotek-34.png,kmedoids,8,0.3740206681849165,34852.12486783947
kotek-34.png,kmedoids,9,0.3546297656502232,33821.66767824285
kotek-34.png,kmedoids,10,0.34878762585077727,35202.87009859268
kotek-34.png,kmedoids,11,0.34857233361053036,35152.93621821313
kotek-34.png,kmedoids,12,0.3520617112461193,35184.4388414355
kotek-34.png,kmedoids,13,0.34727680192992344,34508.755249220354
kotek-34.png,kmedoids,14,0.34173523963731595,34043.64815500109
kotek-34.png,kmedoids,15,0.3418547222673375,33995.98296199959
kotek-34.png,kmedoids,16,0.35268634388884773,33797.78188221672
kotek-34.png,kmedoids,17,0.35220643817183905,34596.181699573026
kotek-34.png,kmedoids,18,0.35972591214018745,35484.13832458365
kotek-34.png,kmedoids,19,0.35022112258746463,35158.47750972678
kotek-34.png,kmedoids,20,0.3541935938551177,34589.603676485036
kotek-35.png,kmeans,5,0.5061361373039465,24032.530638222517
kotek-35.png,kmeans,6,0.48205627372011167,24233.485482597345
kotek-35.png,kmeans,7,0.4541361150917978,24731.711780223082
kotek-35.png,kmeans,8,0.4446634139657414,26561.148801999254
kotek-35.png,kmeans,9,0.435423642527924,26129.49749542986
kotek-35.png,kmeans,10,0.4190472733316719,26232.426852112054
kotek-35.png,kmeans,11,0.40005466302847525,25724.97771151193
kotek-35.png,kmeans,12,0.3783471903459038,25090.994273797318
kotek-35.png,kmeans,13,0.38051515172984607,25288.347216973787
kotek-35.png,kmeans,14,0.36716664243022523,25033.906184937085
kotek-35.png,kmeans,15,0.36753449356336526,24777.176293775887
kotek-35.png,kmeans,16,0.3681258016034357,24574.098187580457
kotek-35.png,kmeans,17,0.3660700356636585,24126.994836163252
kotek-35.png,kmeans,18,0.3657962859270787,24254.270501168794
kotek-35.png,kmeans,19,0.3614860254168847,24188.99449021797
kotek-35.png,kmeans,20,0.35431129677111983,24135.137883594387
kotek-35.png,kmedoids,5,0.4426250280041401,21523.640932628237
kotek-35.png,kmedoids,6,0.42508131204804506,22876.559276017237
kotek-35.png,kmedoids,7,0.4007754759516195,22321.18510019233
kotek-35.png,kmedoids,8,0.37359951897110716,21966.695588898154
kotek-35.png,kmedoids,9,0.36819493590226876,23856.35976255572
kotek-35.png,kmedoids,10,0.3508794707532259,24282.09800702081
kotek-35.png,kmedoids,11,0.3394094590344275,23347.816467885517
kotek-35.png,kmedoids,12,0.3384981030895382,23204.932807239766
kotek-35.png,kmedoids,13,0.33836713622474734,23691.065483590097
kotek-35.png,kmedoids,14,0.33653453258862576,23984.929654023355
kotek-35.png,kmedoids,15,0.3268395346753894,23272.872835199327
kotek-35.png,kmedoids,16,0.3328746753678958,23438.84270555024
kotek-35.png,kmedoids,17,0.3400925721462563,23362.863209796888
kotek-35.png,kmedoids,18,0.3326626266669189,22769.04344427963
kotek-35.png,kmedoids,19,0.3240694946665044,22466.373465081568
kotek-35.png,kmedoids,20,0.3347872081486517,22297.08979782855
kotek-36.png,kmeans,5,0.4301371681360166,15330.515654012805
kotek-36.png,kmeans,6,0.4092076265988241,15001.131058215464
kotek-36.png,kmeans,7,0.3966230986007064,14614.576179548327
kotek-36.png,kmeans,8,0.3756286643965747,14506.681066222867
kotek-36.png,kmeans,9,0.3557586639890735,14526.723108863356
kotek-36.png,kmeans,10,0.34927429942244476,14425.568469268877
kotek-36.png,kmeans,11,0.3482940398258644,14699.471324322145
kotek-36.png,kmeans,12,0.33494617386960457,14631.84267412945
kotek-36.png,kmeans,13,0.32936687288168043,14469.247053586809
kotek-36.png,kmeans,14,0.31301653960628095,14131.347784128255
kotek-36.png,kmeans,15,0.30608733133177835,13893.971017785321
kotek-36.png,kmeans,16,0.30013583936519167,13562.490099244129
kotek-36.png,kmeans,17,0.3003084365917662,13458.829925872526
kotek-36.png,kmeans,18,0.29578923748701985,13243.69347055316
kotek-36.png,kmeans,19,0.28980515633052095,13009.266567690967
kotek-36.png,kmeans,20,0.28769163721185026,12841.604112703379
kotek-36.png,kmedoids,5,0.36764299345088236,12116.243604787718
kotek-36.png,kmedoids,6,0.3451742721732979,11034.489264815555
kotek-36.png,kmedoids,7,0.3246313041857884,10756.379022142319
kotek-36.png,kmedoids,8,0.3074878676500375,11299.48756263842
kotek-36.png,kmedoids,9,0.2998345966900198,11947.396555363859
kotek-36.png,kmedoids,10,0.30529146808052177,12026.13585956297
kotek-36.png,kmedoids,11,0.29758060616685456,11580.468285941712
kotek-36.png,kmedoids,12,0.2944216259635011,11462.19038407358
kotek-36.png,kmedoids,13,0.2874017755815826,11305.955035268966
kotek-36.png,kmedoids,14,0.28255609744191285,11124.050490922256
kotek-36.png,kmedoids,15,0.2820455798146001,11800.844474276026
kotek-36.png,kmedoids,16,0.27767554287258045,11504.074074802838
kotek-36.png,kmedoids,17,0.2703560439574731,11789.845738757615
kotek-36.png,kmedoids,18,0.2806959560762755,12347.878783534301
kotek-36.png,kmedoids,19,0.27725597283236375,11778.215776498642
kotek-36.png,kmedoids,20,0.2737777699736284,11348.032723534507
kotek-37.png,kmeans,5,0.4391052275686634,30727.183991089347
kotek-37.png,kmeans,6,0.40834381647059625,28928.052854594796
kotek-37.png,kmeans,7,0.38504414347220167,27843.158099484008
kotek-37.png,kmeans,8,0.3860875492722645,26182.009929230815
kotek-37.png,kmeans,9,0.38131901477458574,25821.656082053072
kotek-37.png,kmeans,10,0.36886797306959546,25303.452195398764
kotek-37.png,kmeans,11,0.35636324865411856,24652.586496251835
kotek-37.png,kmeans,12,0.35174535043441957,24555.6201547378
kotek-37.png,kmeans,13,0.3510946255102739,24382.746682467427
kotek-37.png,kmeans,14,0.3392685872552623,24059.7212066313
kotek-37.png,kmeans,15,0.3344346373691577,23710.242019925845
kotek-37.png,kmeans,16,0.3284681805330928,23433.47416018512
kotek-37.png,kmeans,17,0.3301024044385502,23243.00483079661
kotek-37.png,kmeans,18,0.32995096996574724,22920.81277982644
kotek-37.png,kmeans,19,0.32926471370973903,22752.411398062533
kotek-37.png,kmeans,20,0.32978233225605064,22455.41651959683
kotek-37.png,kmedoids,5,0.43625362957718394,30560.00297163584
kotek-37.png,kmedoids,6,0.40111305357277455,29219.381313588634
kotek-37.png,kmedoids,7,0.3732872334579803,27441.761867916684
kotek-37.png,kmedoids,8,0.3524719018388297,26389.291908945386
kotek-37.png,kmedoids,9,0.3343264621868038,25128.436552782958
kotek-37.png,kmedoids,10,0.31424159433624926,23945.916000337653
kotek-37.png,kmedoids,11,0.32638795312474383,24140.539647750255
kotek-37.png,kmedoids,12,0.31739166333220953,23704.78659256084
kotek-37.png,kmedoids,13,0.32664817517334865,23710.59602833076
kotek-37.png,kmedoids,14,0.33418805480987634,23664.26784672369
kotek-37.png,kmedoids,15,0.32412177639879103,23035.345207244514
kotek-37.png,kmedoids,16,0.3167708595293545,22613.070714249312
kotek-37.png,kmedoids,17,0.3116008577943249,22378.810269308306
kotek-37.png,kmedoids,18,0.3091984349332145,22141.594457236533
kotek-37.png,kmedoids,19,0.31407629608656407,22316.36802017288
kotek-37.png,kmedoids,20,0.3100432949007797,21998.677610504346
kotek-38.png,kmeans,5,0.44948476197128046,31118.38208511586
kotek-38.png,kmeans,6,0.42300995811384495,30270.973653419234
kotek-38.png,kmeans,7,0.3859191191552967,29296.03844049411
kotek-38.png,kmeans,8,0.38718030429619843,28018.39235590743
kotek-38.png,kmeans,9,0.3749128080852769,27873.320340800718
kotek-38.png,kmeans,10,0.3755747354264455,27260.26274437211
kotek-38.png,kmeans,11,0.3663958804626084,26974.49805870602
kotek-38.png,kmeans,12,0.36548185560496005,26469.771131211968
kotek-38.png,kmeans,13,0.3620402018217607,26243.443571587657
kotek-38.png,kmeans,14,0.3580586662333271,26008.08078018126
kotek-38.png,kmeans,15,0.35624543064167224,25863.271349077768
kotek-38.png,kmeans,16,0.3529913761857268,25824.87757372034
kotek-38.png,kmeans,17,0.349417402318399,25528.485149880184
kotek-38.png,kmeans,18,0.34936170262486066,25470.459032912448
kotek-38.png,kmeans,19,0.3478159803124337,25324.000132196325
kotek-38.png,kmeans,20,0.34145989297770796,24991.188240397714
kotek-38.png,kmedoids,5,0.4311090107471712,29528.60091688417
kotek-38.png,kmedoids,6,0.3951716229466255,29053.642898375685
kotek-38.png,kmedoids,7,0.37172488740629717,27547.806782971795
kotek-38.png,kmedoids,8,0.36552016561056727,26998.26066471801
kotek-38.png,kmedoids,9,0.35516000966422484,25866.066497454496
kotek-38.png,kmedoids,10,0.35166682826649376,25128.071143003635
kotek-38.png,kmedoids,11,0.351862331800813,25287.924956892693
kotek-38.png,kmedoids,12,0.3464041723128057,25119.929919627364
kotek-38.png,kmedoids,13,0.3356536769188031,24917.91549096573
kotek-38.png,kmedoids,14,0.3337805789334961,24893.945905660446
kotek-38.png,kmedoids,15,0.33346551614339903,24858.099144889333
kotek-38.png,kmedoids,16,0.32375114669280236,24178.472542928437
kotek-38.png,kmedoids,17,0.3204126016815415,23892.210015130353
kotek-38.png,kmedoids,18,0.31905465791335547,23482.242741831702
kotek-38.png,kmedoids,19,0.31432242802003196,23381.195048155023
kotek-38.png,kmedoids,20,0.31498154784536747,23412.59378837127
kotek-39.png,kmeans,5,0.48602714954565884,34018.379568320684
kotek-39.png,kmeans,6,0.4297055138707937,34531.551986138234
kotek-39.png,kmeans,7,0.43119295964840604,33106.51143984262
kotek-39.png,kmeans,8,0.4217408581638053,32804.93032272698
kotek-39.png,kmeans,9,0.43645845649172194,32955.46211533006
kotek-39.png,kmeans,10,0.43719846560918035,31224.04736372637
kotek-39.png,kmeans,11,0.4274356876561263,30285.985195627138
kotek-39.png,kmeans,12,0.43011233976356766,30434.743954041835
kotek-39.png,kmeans,13,0.4275585504619796,30129.225880976377
kotek-39.png,kmeans,14,0.42039848476682884,29678.60901243817
kotek-39.png,kmeans,15,0.41312895357315577,29556.699899767445
kotek-39.png,kmeans,16,0.4060860813217995,29587.601147093857
kotek-39.png,kmeans,17,0.39632760581511234,29581.45903294678
kotek-39.png,kmeans,18,0.3946802005118795,29298.029296672194
kotek-39.png,kmeans,19,0.3870470891203336,29125.000580036605
kotek-39.png,kmeans,20,0.38247418887643453,28919.65865355041
kotek-39.png,kmedoids,5,0.4127905539664556,30994.15925738681
kotek-39.png,kmedoids,6,0.43877261737884254,26813.791938924558
kotek-39.png,kmedoids,7,0.4326546224483289,27657.165600925888
kotek-39.png,kmedoids,8,0.40917290184024296,28965.374440282245
kotek-39.png,kmedoids,9,0.4072513782054573,28784.58041549286
kotek-39.png,kmedoids,10,0.37535041242998934,26723.58029960811
kotek-39.png,kmedoids,11,0.3716936648209306,26672.47630862067
kotek-39.png,kmedoids,12,0.36083795258375495,27479.997390256245
kotek-39.png,kmedoids,13,0.3501249157528269,26800.748754703673
kotek-39.png,kmedoids,14,0.34441891544646736,26291.4615734939
kotek-39.png,kmedoids,15,0.3395182374368682,26041.67584747735
kotek-39.png,kmedoids,16,0.33044865011616514,24899.0905958622
kotek-39.png,kmedoids,17,0.3301883145277575,24833.937594231364
kotek-39.png,kmedoids,18,0.3199793847831594,24681.023116502063
kotek-39.png,kmedoids,19,0.3113034800953449,23799.33599359348
kotek-39.png,kmedoids,20,0.3139663344426962,23613.41544733452
kotek-4.png,kmeans,5,0.4531748165214431,28157.90298956952
kotek-4.png,kmeans,6,0.40816100398217825,27184.29509578035
kotek-4.png,kmeans,7,0.3708440867736957,25953.314796226565
kotek-4.png,kmeans,8,0.3522551427423686,24953.539615290585
kotek-4.png,kmeans,9,0.3489641035483333,23965.42613201606
kotek-4.png,kmeans,10,0.3413819609727386,23371.116206449424
kotek-4.png,kmeans,11,0.3412499948110053,22651.48736287932
kotek-4.png,kmeans,12,0.33876679140857935,22173.609673850868
kotek-4.png,kmeans,13,0.34280356991381405,21854.43974129276
kotek-4.png,kmeans,14,0.34226182112451353,21526.537988257573
kotek-4.png,kmeans,15,0.34485183068315484,21248.76997571637
kotek-4.png,kmeans,16,0.3458232424657082,21130.593318173836
kotek-4.png,kmeans,17,0.34047844512454,20945.078843713574
kotek-4.png,kmeans,18,0.33361621117927437,20787.63061766036
kotek-4.png,kmeans,19,0.32977005757316535,20554.085347534383
kotek-4.png,kmeans,20,0.3296576190391813,20454.002538321656
kotek-4.png,kmedoids,5,0.38931091715707355,25779.221695497934
kotek-4.png,kmedoids,6,0.3531746825561507,25546.201692505594
kotek-4.png,kmedoids,7,0.3402582639877588,25134.36815098169
kotek-4.png,kmedoids,8,0.3460378305126167,23955.848011632792
kotek-4.png,kmedoids,9,0.3536475935151321,23659.72656674503
kotek-4.png,kmedoids,10,0.34942486069379586,22938.293021922454
kotek-4.png,kmedoids,11,0.3281060469226552,22011.573773427637
kotek-4.png,kmedoids,12,0.32055236396942294,21655.506726842657
kotek-4.png,kmedoids,13,0.31630497963605525,20871.97498312592
kotek-4.png,kmedoids,14,0.30894781545965244,20415.465553035632
kotek-4.png,kmedoids,15,0.30817699730140513,19910.843608028947
kotek-4.png,kmedoids,16,0.305678337872924,19570.731048542126
kotek-4.png,kmedoids,17,0.3086133987568119,19373.27293281075
kotek-4.png,kmedoids,18,0.312290554993233,19438.682919951163
kotek-4.png,kmedoids,19,0.3117975982022922,19580.157614176638
kotek-4.png,kmedoids,20,0.30817869322702857,19116.116109143495
kotek-40.png,kmeans,5,0.5459816732258209,55953.14853889715
kotek-40.png,kmeans,6,0.5290899789361101,65532.897081088915
kotek-40.png,kmeans,7,0.5199558022775893,71941.56916105768
kotek-40.png,kmeans,8,0.4974993477608325,75712.61841649775
kotek-40.png,kmeans,9,0.48594006821711117,80065.61702304162
kotek-40.png,kmeans,10,0.4670499999858775,82488.52347704266
kotek-40.png,kmeans,11,0.4572806527262999,86468.75838511038
kotek-40.png,kmeans,12,0.44101555636894824,87370.32342036624
kotek-40.png,kmeans,13,0.43201229550911674,88345.83296897719
kotek-40.png,kmeans,14,0.42300495167288243,89147.36893585854
kotek-40.png,kmeans,15,0.4184778298668661,89807.32197195824
kotek-40.png,kmeans,16,0.41270415594690624,90124.52402044133
kotek-40.png,kmeans,17,0.4052403251173612,89774.60770788629
kotek-40.png,kmeans,18,0.4019720623200894,90917.2650695373
kotek-40.png,kmeans,19,0.39659201232394314,90511.69017345851
kotek-40.png,kmeans,20,0.39034602841312316,89953.95016449422
kotek-40.png,kmedoids,5,0.5267032598854905,53014.95634306187
kotek-40.png,kmedoids,6,0.5212880264297748,64069.5674603906
kotek-40.png,kmedoids,7,0.5000057821775862,67467.30285564653
kotek-40.png,kmedoids,8,0.4779700525238596,73190.78316727112
kotek-40.png,kmedoids,9,0.47598538667362644,80384.89652349627
kotek-40.png,kmedoids,10,0.4592164948689697,81104.04280054398
kotek-40.png,kmedoids,11,0.44702999934646853,83768.28690583733
kotek-40.png,kmedoids,12,0.4366887643661867,86547.63904820959
kotek-40.png,kmedoids,13,0.4249513927724203,87246.26597644025
kotek-40.png,kmedoids,14,0.41258818753230136,86579.50409490743
kotek-40.png,kmedoids,15,0.40575990066373524,89565.0008516038
kotek-40.png,kmedoids,16,0.39932435400203603,89278.43572513448
kotek-40.png,kmedoids,17,0.3899887903594693,88358.58379101267
kotek-40.png,kmedoids,18,0.3915510225368466,90297.14872280115
kotek-40.png,kmedoids,19,0.37776961322428254,89247.8252382254
kotek-40.png,kmedoids,20,0.37514278973264414,89099.37926102005
kotek-41.png,kmeans,5,0.5406438618599954,44222.735468667306
kotek-41.png,kmeans,6,0.5259442896757018,46191.70210454691
kotek-41.png,kmeans,7,0.5186341204422967,45154.82427582815
kotek-41.png,kmeans,8,0.5324813184407471,44035.89197209307
kotek-41.png,kmeans,9,0.526572022392904,43445.709875842775
kotek-41.png,kmeans,10,0.5347140066607702,44427.79879528982
kotek-41.png,kmeans,11,0.5376670482913619,44132.17950557674
kotek-41.png,kmeans,12,0.5307558356636894,44122.150208771964
kotek-41.png,kmeans,13,0.524664122285532,45998.69652517298
kotek-41.png,kmeans,14,0.5340125500489059,46751.075669516125
kotek-41.png,kmeans,15,0.5297403452515457,46783.5589039603
kotek-41.png,kmeans,16,0.5273148343863208,46779.262511923516
kotek-41.png,kmeans,17,0.5173491777194397,46933.75031101066
kotek-41.png,kmeans,18,0.5103805632214611,47231.12875134694
kotek-41.png,kmeans,19,0.4994309250527668,47050.78734969448
kotek-41.png,kmeans,20,0.4896037171069326,46651.526126902565
kotek-41.png,kmedoids,5,0.5360876163421792,40849.00917692053
kotek-41.png,kmedoids,6,0.538265473273025,40275.357046702164
kotek-41.png,kmedoids,7,0.5389274500195929,43699.27588798067
kotek-41.png,kmedoids,8,0.5254156173380398,42070.36581763969
kotek-41.png,kmedoids,9,0.5195624287668686,40761.01625871851
kotek-41.png,kmedoids,10,0.512109285020814,40531.26300294848
kotek-41.png,kmedoids,11,0.48551266432853113,40609.18253136594
kotek-41.png,kmedoids,12,0.48157482088392367,41780.95625527764
kotek-41.png,kmedoids,13,0.45786469925850354,42420.4808323091
kotek-41.png,kmedoids,14,0.4286428463087164,41195.755847162756
kotek-41.png,kmedoids,15,0.4115742404987618,42043.73369388764
kotek-41.png,kmedoids,16,0.39020810222889074,40947.80758553029
kotek-41.png,kmedoids,17,0.3889459292972245,40783.09323608112
kotek-41.png,kmedoids,18,0.3861191013274774,41418.69681618539
kotek-41.png,kmedoids,19,0.3883183899996705,42556.623766261
kotek-41.png,kmedoids,20,0.3857455989094639,43122.66882436986
kotek-42.png,kmeans,5,0.43241761293304803,9424.197280391198
kotek-42.png,kmeans,6,0.41470145593292856,9097.653076863226
kotek-42.png,kmeans,7,0.412059307351344,9230.485009076283
kotek-42.png,kmeans,8,0.40658777601916823,9178.555331363546
kotek-42.png,kmeans,9,0.40457632802158117,9349.728813667924
kotek-42.png,kmeans,10,0.38775654433738815,9112.885774362428
kotek-42.png,kmeans,11,0.3927686090161996,9042.005150086687
kotek-42.png,kmeans,12,0.38618308943212953,9046.829352919527
kotek-42.png,kmeans,13,0.3872120903793732,8941.028377424958
kotek-42.png,kmeans,14,0.3859019868300376,8832.874601972571
kotek-42.png,kmeans,15,0.3823083109003019,8782.155647315945
kotek-42.png,kmeans,16,0.37768391286943004,8679.213145026784
kotek-42.png,kmeans,17,0.37179085594542943,8616.318721410196
kotek-42.png,kmeans,18,0.369157133670149,8557.512109057963
kotek-42.png,kmeans,19,0.3623502768379655,8501.713944165855
kotek-42.png,kmeans,20,0.3655412079188042,8517.058151077483
kotek-42.png,kmedoids,5,0.35567172362664157,7263.56315508601
kotek-42.png,kmedoids,6,0.37847131780164434,7606.628882720755
kotek-42.png,kmedoids,7,0.36825750095575627,7499.195027949138
kotek-42.png,kmedoids,8,0.38047418192292853,7866.942840489117
kotek-42.png,kmedoids,9,0.3708546762531886,7545.0751986659625
kotek-42.png,kmedoids,10,0.3693792197737352,7342.36701199935
kotek-42.png,kmedoids,11,0.3565927155008325,7347.880798260079
kotek-42.png,kmedoids,12,0.34834507330029096,7673.6911459028315
kotek-42.png,kmedoids,13,0.35220746898154554,7989.862809273984
kotek-42.png,kmedoids,14,0.3475544118725652,8143.996192962654
kotek-42.png,kmedoids,15,0.34939585185329136,8130.886089794255
kotek-42.png,kmedoids,16,0.33688956503223827,7960.827878845923
kotek-42.png,kmedoids,17,0.3365390871433661,7837.037674189916
kotek-42.png,kmedoids,18,0.33423807341633405,7705.894700179415
kotek-42.png,kmedoids,19,0.3354043511062845,7676.855398763719
kotek-42.png,kmedoids,20,0.3204938236906836,7453.31553698993
kotek-43.png,kmeans,5,0.6910534169803575,115700.71848262423
kotek-43.png,kmeans,6,0.6230389999894463,117075.19893624955
kotek-43.png,kmeans,7,0.5387362211628852,125997.0655452481
kotek-43.png,kmeans,8,0.5015082522096237,132411.20571395033
kotek-43.png,kmeans,9,0.4846238443872891,140738.3525434382
kotek-43.png,kmeans,10,0.4648923007973352,141668.36274808235
kotek-43.png,kmeans,11,0.4538570770532675,144818.56298887284
kotek-43.png,kmeans,12,0.44167487117332743,149554.64275542204
kotek-43.png,kmeans,13,0.4311251352854071,150153.91664712605
kotek-43.png,kmeans,14,0.4193412098012563,147931.0743227831
kotek-43.png,kmeans,15,0.413323252166445,147907.22503008333
kotek-43.png,kmeans,16,0.40856867341273695,149074.84679954004
kotek-43.png,kmeans,17,0.4023969806567675,147860.02704401198
kotek-43.png,kmeans,18,0.40030034002748127,147721.97857687454
kotek-43.png,kmeans,19,0.39470866781802494,147571.91397401257
kotek-43.png,kmeans,20,0.39116026716069524,144944.59916660262
kotek-43.png,kmedoids,5,0.4824318318526396,93333.13471463413
kotek-43.png,kmedoids,6,0.487854506475531,111268.17762575718
kotek-43.png,kmedoids,7,0.4756439130230077,113520.98771423614
kotek-43.png,kmedoids,8,0.4321991209727198,115303.37363961668
kotek-43.png,kmedoids,9,0.42827457141198966,123869.31354573171
kotek-43.png,kmedoids,10,0.41380142939886433,127593.16314625782
kotek-43.png,kmedoids,11,0.39597211710073965,132125.00741813233
kotek-43.png,kmedoids,12,0.38922827704139407,131846.84065591535
kotek-43.png,kmedoids,13,0.37615339024179495,131003.85042441101
kotek-43.png,kmedoids,14,0.3682846310767239,133753.0200566678
kotek-43.png,kmedoids,15,0.363630361367501,135557.564561637
kotek-43.png,kmedoids,16,0.36215362908990495,133196.75250673929
kotek-43.png,kmedoids,17,0.35370162226232643,134366.9835043059
kotek-43.png,kmedoids,18,0.35101884296237157,135273.74218052067
kotek-43.png,kmedoids,19,0.3499218565863111,137159.96681749183
kotek-43.png,kmedoids,20,0.33463737105816554,136037.76183284182
kotek-44.png,kmeans,5,0.5341067181776723,108541.91379980554
kotek-44.png,kmeans,6,0.4878064800825693,117707.41345867797
kotek-44.png,kmeans,7,0.47286398956506126,120948.37461679356
kotek-44.png,kmeans,8,0.44276438717185684,121405.02030621769
kotek-44.png,kmeans,9,0.4193150059018362,122786.0125444852
kotek-44.png,kmeans,10,0.4032418664568107,123695.24052806292
kotek-44.png,kmeans,11,0.38122329590540394,121856.29844299704
kotek-44.png,kmeans,12,0.36177685165534446,119654.74204487973
kotek-44.png,kmeans,13,0.35254393044417986,116117.75234000487
kotek-44.png,kmeans,14,0.3478568635515819,113562.94894021431
kotek-44.png,kmeans,15,0.34077950018183933,111739.34280408539
kotek-44.png,kmeans,16,0.33565694324539996,110531.37540717924
kotek-44.png,kmeans,17,0.3280989698511858,108732.28694067665
kotek-44.png,kmeans,18,0.3279318488724445,106629.75804761171
kotek-44.png,kmeans,19,0.32396121815503387,106035.24939594022
kotek-44.png,kmeans,20,0.3224348905773452,104827.4774199789
kotek-44.png,kmedoids,5,0.49133548497677737,102533.88275395273
kotek-44.png,kmedoids,6,0.45651571082770437,107659.36652153902
kotek-44.png,kmedoids,7,0.416327870559678,108227.25287740352
kotek-44.png,kmedoids,8,0.4069798295572699,111357.81932219109
kotek-44.png,kmedoids,9,0.3890801529552927,114574.43670461138
kotek-44.png,kmedoids,10,0.3698830135238719,114311.15199842928
kotek-44.png,kmedoids,11,0.3517263283016311,114537.26964693629
kotek-44.png,kmedoids,12,0.338533624670118,113436.10688592035
kotek-44.png,kmedoids,13,0.32072730229961743,110692.76600031296
kotek-44.png,kmedoids,14,0.31530182745812924,107913.73172981982
kotek-44.png,kmedoids,15,0.31168953442482156,105970.22786202445
kotek-44.png,kmedoids,16,0.30837776603395184,106426.5807591204
kotek-44.png,kmedoids,17,0.3092991030070963,104713.88730620997
kotek-44.png,kmedoids,18,0.30922941228558753,102642.80608974659
kotek-44.png,kmedoids,19,0.30129195559207067,102244.97213332378
kotek-44.png,kmedoids,20,0.3009104236471984,99878.10915439752
kotek-45.png,kmeans,5,0.4299203941545535,16538.41328797554
kotek-45.png,kmeans,6,0.4123900571794269,16052.606368795148
kotek-45.png,kmeans,7,0.3886495409968115,16047.486825562746
kotek-45.png,kmeans,8,0.3958621919926655,16438.774336038165
kotek-45.png,kmeans,9,0.36701289041171264,16247.674692111255
kotek-45.png,kmeans,10,0.3506907052553706,15806.447152844
kotek-45.png,kmeans,11,0.33613101718966415,15342.85947827213
kotek-45.png,kmeans,12,0.32881576778720634,14997.58705626122
kotek-45.png,kmeans,13,0.32683701354707856,14808.620006156387
kotek-45.png,kmeans,14,0.32510107118742304,14358.21639483131
kotek-45.png,kmeans,15,0.32338352608031234,14220.752882672958
kotek-45.png,kmeans,16,0.31902082223210343,14009.114910826853
kotek-45.png,kmeans,17,0.3128045607495387,13880.554547456099
kotek-45.png,kmeans,18,0.3142542059842178,13641.146626295309
kotek-45.png,kmeans,19,0.31704423042481394,13565.452930794829
kotek-45.png,kmeans,20,0.32005789198855467,13484.845540048442
kotek-45.png,kmedoids,5,0.3990199292079305,15413.733336259786
kotek-45.png,kmedoids,6,0.36587449568079644,14835.459133903074
kotek-45.png,kmedoids,7,0.33861371902199117,14168.869498442908
kotek-45.png,kmedoids,8,0.3258300456372187,13563.973307357117
kotek-45.png,kmedoids,9,0.3219305663224772,13640.645442991567
kotek-45.png,kmedoids,10,0.30206945997818513,13003.447281204437
kotek-45.png,kmedoids,11,0.29857594687097,13207.651881979391
kotek-45.png,kmedoids,12,0.2996099978071607,13020.692429687031
kotek-45.png,kmedoids,13,0.31056447689003436,13539.531837160219
kotek-45.png,kmedoids,14,0.3073990981221647,13844.17963864696
kotek-45.png,kmedoids,15,0.300889654060954,13401.163049235522
kotek-45.png,kmedoids,16,0.298676436879612,13037.123785789356
kotek-45.png,kmedoids,17,0.30179487092927215,12909.393216861621
kotek-45.png,kmedoids,18,0.3048530955517035,12567.891178751923
kotek-45.png,kmedoids,19,0.2987869599795617,12338.29696148981
kotek-45.png,kmedoids,20,0.3040336996486479,12072.114855595932
kotek-46.png,kmeans,5,0.5045026687644375,23046.85716311132
kotek-46.png,kmeans,6,0.4807359276055571,22782.680564082046
kotek-46.png,kmeans,7,0.46491916375716746,24536.96721996583
kotek-46.png,kmeans,8,0.4530500110499238,24271.58796112018
kotek-46.png,kmeans,9,0.4297138665881487,23729.656468509067
kotek-46.png,kmeans,10,0.42997210576524064,23649.99213127821
kotek-46.png,kmeans,11,0.4220467777847777,23267.93417599159
kotek-46.png,kmeans,12,0.41314340642115904,23100.537587608018
kotek-46.png,kmeans,13,0.4111999100484547,23026.983801300008
kotek-46.png,kmeans,14,0.4067984944984631,22607.83178801445
kotek-46.png,kmeans,15,0.40592235850124714,22365.894068472866
kotek-46.png,kmeans,16,0.3987534285028626,22069.076727570296
kotek-46.png,kmeans,17,0.391994954484675,21944.884555489287
kotek-46.png,kmeans,18,0.3945755200106731,21772.371476811917
kotek-46.png,kmeans,19,0.3914478200191317,21666.08140016758
kotek-46.png,kmeans,20,0.3874214795099178,21416.10467027416
kotek-46.png,kmedoids,5,0.4630347584742168,21811.692022541945
kotek-46.png,kmedoids,6,0.44181450332833627,22287.17049996317
kotek-46.png,kmedoids,7,0.42818575313229035,22245.12998744977
kotek-46.png,kmedoids,8,0.40933451364213225,20945.12641649376
kotek-46.png,kmedoids,9,0.4087136117687781,22503.663284503982
kotek-46.png,kmedoids,10,0.4120768228212528,23621.30378935625
kotek-46.png,kmedoids,11,0.4031320255711931,22930.365592126185
kotek-46.png,kmedoids,12,0.38607599739552434,22086.344820625833
kotek-46.png,kmedoids,13,0.372075094698483,21968.60730563433
kotek-46.png,kmedoids,14,0.3578951320341992,21541.500273189795
kotek-46.png,kmedoids,15,0.35305371485491005,21313.61573958954
kotek-46.png,kmedoids,16,0.36085642582567534,21660.264820538763
kotek-46.png,kmedoids,17,0.35913335394072143,21362.50682218101
kotek-46.png,kmedoids,18,0.345253646126019,20864.704150853748
kotek-46.png,kmedoids,19,0.3374589462309826,20604.794869601134
kotek-46.png,kmedoids,20,0.3367215854243598,20688.51706313759
kotek-47.png,kmeans,5,0.5108543179660755,26867.03121793368
kotek-47.png,kmeans,6,0.4783539620813708,28638.000983321886
kotek-47.png,kmeans,7,0.45578185549773587,29170.775836841687
kotek-47.png,kmeans,8,0.44716142899103195,28908.168873704224
kotek-47.png,kmeans,9,0.4277596506640564,28824.122030441427
kotek-47.png,kmeans,10,0.42785864369636445,29092.335609115467
kotek-47.png,kmeans,11,0.4234886504670355,29230.802363994047
kotek-47.png,kmeans,12,0.4185916853750749,29054.549680637818
kotek-47.png,kmeans,13,0.40716394968038794,29029.61702697301
kotek-47.png,kmeans,14,0.4000151142172525,29077.342042071083
kotek-47.png,kmeans,15,0.4037583587133321,28900.416502084594
kotek-47.png,kmeans,16,0.3927459184828258,28892.793744294107
kotek-47.png,kmeans,17,0.39524005044954724,28523.03039935699
kotek-47.png,kmeans,18,0.38703573700484767,28401.496959642922
kotek-47.png,kmeans,19,0.3792943312855808,28055.790946084202
kotek-47.png,kmeans,20,0.3785132723974373,27899.38743676506
kotek-47.png,kmedoids,5,0.4608654851440571,22083.27787422283
kotek-47.png,kmedoids,6,0.4346407441284911,21238.592306259965
kotek-47.png,kmedoids,7,0.4176049590566806,20427.42952831718
kotek-47.png,kmedoids,8,0.4173921447703254,24644.798020776372
kotek-47.png,kmedoids,9,0.40969324371563076,27453.758845539774
kotek-47.png,kmedoids,10,0.39140446622314784,26705.159660931055
kotek-47.png,kmedoids,11,0.38568502548698513,26701.99488734581
kotek-47.png,kmedoids,12,0.3717020343740191,26018.93966557418
kotek-47.png,kmedoids,13,0.3624361715356422,25986.94183879376
kotek-47.png,kmedoids,14,0.3583041969657835,26603.655446881767
kotek-47.png,kmedoids,15,0.35572053882048793,25936.023437296557
kotek-47.png,kmedoids,16,0.35016402550322995,25132.32626448194
kotek-47.png,kmedoids,17,0.34405771818512104,24602.7740364731
kotek-47.png,kmedoids,18,0.3488375176622952,25073.01672688891
kotek-47.png,kmedoids,19,0.34711649022364915,25096.989174729082
kotek-47.png,kmedoids,20,0.349525446097707,26372.664640070812
kotek-48.png,kmeans,5,0.5744479367468809,32988.87245626695
kotek-48.png,kmeans,6,0.542900363353621,33764.04783123803
kotek-48.png,kmeans,7,0.508276759985989,33299.6209017023
kotek-48.png,kmeans,8,0.5157671111021943,32641.61218194482
kotek-48.png,kmeans,9,0.5048742732627218,31757.322431862056
kotek-48.png,kmeans,10,0.48585104076485736,31256.11671720731
kotek-48.png,kmeans,11,0.4778081685985078,30907.24538755956
kotek-48.png,kmeans,12,0.45593779625791875,30686.305761638294
kotek-48.png,kmeans,13,0.46150261811563686,30360.1511165967
kotek-48.png,kmeans,14,0.4475405486766764,30414.453212394983
kotek-48.png,kmeans,15,0.4206812980306737,30210.285914254502
kotek-48.png,kmeans,16,0.41081272505223276,29866.847846146633
kotek-48.png,kmeans,17,0.395412352149911,29447.5672275196
kotek-48.png,kmeans,18,0.39541314173407394,29309.606195002114
kotek-48.png,kmeans,19,0.39452680029879217,29156.81061350785
kotek-48.png,kmeans,20,0.39526303431549137,28785.990563662937
kotek-48.png,kmedoids,5,0.5377824743285811,30491.51563120388
kotek-48.png,kmedoids,6,0.4980772919658528,31178.95238589733
kotek-48.png,kmedoids,7,0.4170869879692938,28365.187482746405
kotek-48.png,kmedoids,8,0.42204227260547916,29741.556285269093
kotek-48.png,kmedoids,9,0.42064662170410483,30102.91854858048
kotek-48.png,kmedoids,10,0.38981049089235603,28795.841747037677
kotek-48.png,kmedoids,11,0.3758389177478668,28600.54111647394
kotek-48.png,kmedoids,12,0.3690412881520889,27784.564365300797
kotek-48.png,kmedoids,13,0.3671602324506381,27250.613978530186
kotek-48.png,kmedoids,14,0.3569067663091215,27661.069858397113
kotek-48.png,kmedoids,15,0.35243326740931746,27125.667205039284
kotek-48.png,kmedoids,16,0.3503625558885987,27711.51658351678
kotek-48.png,kmedoids,17,0.3543374442341965,27296.722122006282
kotek-48.png,kmedoids,18,0.3474963324147905,26996.784148475494
kotek-48.png,kmedoids,19,0.34605009011874016,26165.085019042395
kotek-48.png,kmedoids,20,0.3438686987349323,26142.32044416175
kotek-49.png,kmeans,5,0.47878199753005035,12449.56008001771
kotek-49.png,kmeans,6,0.5043576402965805,14659.622563629595
kotek-49.png,kmeans,7,0.5092349348592075,15884.7142664029
kotek-49.png,kmeans,8,0.5022114734725827,15502.122642056394
kotek-49.png,kmeans,9,0.48997601205450964,15328.352130308858
kotek-49.png,kmeans,10,0.48675622675693775,15336.146449264657
kotek-49.png,kmeans,11,0.4866244796396522,15709.922738109739
kotek-49.png,kmeans,12,0.47517008138672,15610.190292673451
kotek-49.png,kmeans,13,0.46807962403418113,15547.022383487745
kotek-49.png,kmeans,14,0.457039543472733,15230.43759561334
kotek-49.png,kmeans,15,0.4607354766180234,15328.641612390824
kotek-49.png,kmeans,16,0.45351613102718236,15216.98188586596
kotek-49.png,kmeans,17,0.4548607980035609,14968.151429335587
kotek-49.png,kmeans,18,0.45435252888843813,14941.850042592216
kotek-49.png,kmeans,19,0.4516958401580024,14809.78805089202
kotek-49.png,kmeans,20,0.4467081159864281,14601.448957060562
kotek-49.png,kmedoids,5,0.4809709751290372,12544.378403451783
kotek-49.png,kmedoids,6,0.5096215961857506,15100.923856745178
kotek-49.png,kmedoids,7,0.49792855237877987,15211.797624045994
kotek-49.png,kmedoids,8,0.48933311878095614,15621.839615574456
kotek-49.png,kmedoids,9,0.4761293317060048,15474.963369787138
kotek-49.png,kmedoids,10,0.4686664953395615,15373.944118889136
kotek-49.png,kmedoids,11,0.46790856744238785,15501.315324285975
kotek-49.png,kmedoids,12,0.4618425542752784,15445.158735053079
kotek-49.png,kmedoids,13,0.4314198752369821,14822.729209524501
kotek-49.png,kmedoids,14,0.4265978180565875,14796.384129907005
kotek-49.png,kmedoids,15,0.41393391522732487,14754.62983199368
kotek-49.png,kmedoids,16,0.40912814833148897,14762.65425964215
kotek-49.png,kmedoids,17,0.4010400268882736,14470.11042619131
kotek-49.png,kmedoids,18,0.3930827652778883,14174.222141433323
kotek-49.png,kmedoids,19,0.38565845099673046,14084.608342946343
kotek-49.png,kmedoids,20,0.38013258620799906,13914.206415787112
kotek-5.png,kmeans,5,0.4878773224830077,21709.80820230286
kotek-5.png,kmeans,6,0.4808901995277897,22262.60118352963
kotek-5.png,kmeans,7,0.44521110822075904,22181.159579246276
kotek-5.png,kmeans,8,0.4438313700749969,21360.525438878958
kotek-5.png,kmeans,9,0.4342792055249528,20990.241086273552
kotek-5.png,kmeans,10,0.4314113774527886,21149.064764612078
kotek-5.png,kmeans,11,0.42268196418044485,20833.392004481215
kotek-5.png,kmeans,12,0.4187745980372764,20396.87412892608
kotek-5.png,kmeans,13,0.4119153168468461,20334.66713669479
kotek-5.png,kmeans,14,0.40659301840857764,20024.83108744432
kotek-5.png,kmeans,15,0.39492259388812134,19775.999823184706
kotek-5.png,kmeans,16,0.3930459190671174,19530.24335087015
kotek-5.png,kmeans,17,0.3895827283867465,19150.4052302591
kotek-5.png,kmeans,18,0.3865318445935639,18866.26776145481
kotek-5.png,kmeans,19,0.3826045890560009,18641.484087592737
kotek-5.png,kmeans,20,0.37562584925932857,18320.211209880978
kotek-5.png,kmedoids,5,0.4877388901167679,21015.688204973132
kotek-5.png,kmedoids,6,0.43935219619679583,19885.493085941638
kotek-5.png,kmedoids,7,0.4145679205334756,19331.839791791477
kotek-5.png,kmedoids,8,0.3991295491621524,19510.404807284423
kotek-5.png,kmedoids,9,0.3750775875841887,18688.289876260216
kotek-5.png,kmedoids,10,0.3887020593079643,18975.08066691529
kotek-5.png,kmedoids,11,0.3817291124724559,18646.87907337801
kotek-5.png,kmedoids,12,0.366083333502755,18433.109670773963
kotek-5.png,kmedoids,13,0.3510215625424277,18039.326773025095
kotek-5.png,kmedoids,14,0.35643942620587193,18077.21871260819
kotek-5.png,kmedoids,15,0.35501028868681567,17995.827516080575
kotek-5.png,kmedoids,16,0.35179942557577926,17553.992809862928
kotek-5.png,kmedoids,17,0.35238518902580857,17664.59961380912
kotek-5.png,kmedoids,18,0.3503863975847688,17590.967803823947
kotek-5.png,kmedoids,19,0.34466807700768226,17150.286970397934
kotek-5.png,kmedoids,20,0.3434237688182209,17429.221426212625
kotek-50.png,kmeans,5,0.4885308182886643,31032.105227364817
kotek-50.png,kmeans,6,0.4815537038381722,31810.343881327262
kotek-50.png,kmeans,7,0.45412246295177655,32235.11728471815
kotek-50.png,kmeans,8,0.4457287278320418,34550.88136465986
kotek-50.png,kmeans,9,0.464508253699593,36278.97820879953
kotek-50.png,kmeans,10,0.4627795709523329,37532.89802528274
kotek-50.png,kmeans,11,0.45539047819526673,39159.804561803685
kotek-50.png,kmeans,12,0.4500095707189038,39522.83645905489
kotek-50.png,kmeans,13,0.44025731930421425,39781.18931839955
kotek-50.png,kmeans,14,0.43016567183470744,40428.29874252486
kotek-50.png,kmeans,15,0.4227546124958512,40434.023811997366
kotek-50.png,kmeans,16,0.40984613578672,40223.1169396871
kotek-50.png,kmeans,17,0.4095684123272658,39846.48149820884
kotek-50.png,kmeans,18,0.39731872532579604,39864.94139577205
kotek-50.png,kmeans,19,0.39431302034385535,40215.07771663218
kotek-50.png,kmeans,20,0.3893516714839288,39847.036328138696
kotek-50.png,kmedoids,5,0.4549977163461386,22931.83394741388
kotek-50.png,kmedoids,6,0.4453341386983002,27187.791982405295
kotek-50.png,kmedoids,7,0.43434223309312703,29452.351755924243
kotek-50.png,kmedoids,8,0.42701060406320074,29713.8038353644
kotek-50.png,kmedoids,9,0.41882296754743786,30901.509237119426
kotek-50.png,kmedoids,10,0.41357758365514563,32314.795941601158
kotek-50.png,kmedoids,11,0.4245718846487697,34700.13738833226
kotek-50.png,kmedoids,12,0.4041461314258659,34183.91297242508
kotek-50.png,kmedoids,13,0.3887452756827154,33536.647211201736
kotek-50.png,kmedoids,14,0.38148876371582535,35093.41711374009
kotek-50.png,kmedoids,15,0.3801158160246595,36195.99587824387
kotek-50.png,kmedoids,16,0.38164180997623565,37855.11835999961
kotek-50.png,kmedoids,17,0.3684574360649854,37503.55297137755
kotek-50.png,kmedoids,18,0.3573028918724802,36524.38964552469
kotek-50.png,kmedoids,19,0.35017204069578833,35928.87520132536
kotek-50.png,kmedoids,20,0.34974892482360953,36641.03812378249
kotek-51.png,kmeans,5,0.45346643406119946,14327.369525698796
kotek-51.png,kmeans,6,0.4395928428994769,13937.416208019573
kotek-51.png,kmeans,7,0.43034523187640794,14058.697533401664
kotek-51.png,kmeans,8,0.41432972263472456,13959.355589134237
kotek-51.png,kmeans,9,0.41075527054301525,14088.004650621337
kotek-51.png,kmeans,10,0.38631484677013794,13647.500037012307
kotek-51.png,kmeans,11,0.37658116578885703,13574.770854269387
kotek-51.png,kmeans,12,0.3671568343251317,13429.624913705606
kotek-51.png,kmeans,13,0.3655975922364419,13208.783405539842
kotek-51.png,kmeans,14,0.35834435135288756,13011.131486948894
kotek-51.png,kmeans,15,0.3568770992357175,12766.86023624831
kotek-51.png,kmeans,16,0.35170073153794046,12525.915183365632
kotek-51.png,kmeans,17,0.3471047574547825,12438.846602380749
kotek-51.png,kmeans,18,0.34182940792824196,12304.559071237341
kotek-51.png,kmeans,19,0.3421572016546861,12065.046689755665
kotek-51.png,kmeans,20,0.33946247960369874,11997.338279141146
kotek-51.png,kmedoids,5,0.4380002698955862,13130.662400751855
kotek-51.png,kmedoids,6,0.4169417837191153,13128.632346497901
kotek-51.png,kmedoids,7,0.39810927769545135,13192.708802498886
kotek-51.png,kmedoids,8,0.3852116582841018,12826.934948607133
kotek-51.png,kmedoids,9,0.37788021197910243,13422.3778912116
kotek-51.png,kmedoids,10,0.35481802692683234,12960.077778080129
kotek-51.png,kmedoids,11,0.3499743837959003,12801.763937298338
kotek-51.png,kmedoids,12,0.33888692598705183,12468.364309080727
kotek-51.png,kmedoids,13,0.3338038921058956,12344.611145063454
kotek-51.png,kmedoids,14,0.3287284769877491,12324.663547447597
kotek-51.png,kmedoids,15,0.3283416877025565,12038.954227312252
kotek-51.png,kmedoids,16,0.31916699813541793,11832.153580782284
kotek-51.png,kmedoids,17,0.31510919918634517,11540.547851167355
kotek-51.png,kmedoids,18,0.3116392340888818,11385.265690237067
kotek-51.png,kmedoids,19,0.3098044161726332,11334.174502243952
kotek-51.png,kmedoids,20,0.31063413038021925,11241.84268640834
kotek-52.png,kmeans,5,0.5932279068220033,51605.728407498056
kotek-52.png,kmeans,6,0.5520666947190767,50551.1928923799
kotek-52.png,kmeans,7,0.531299709161895,53597.079233641925
kotek-52.png,kmeans,8,0.522386601547147,54879.56376305669
kotek-52.png,kmeans,9,0.5093968497154653,54932.8208373387
kotek-52.png,kmeans,10,0.4809077031982583,55800.820565935086
kotek-52.png,kmeans,11,0.47961432068349447,57347.8386769896
kotek-52.png,kmeans,12,0.4690240891904781,57701.759394664594
kotek-52.png,kmeans,13,0.4656521905404559,57575.503121641115
kotek-52.png,kmeans,14,0.4561535295750426,56555.28619010608
kotek-52.png,kmeans,15,0.4457047218150422,56471.075373014806
kotek-52.png,kmeans,16,0.4391838321905716,55656.28281074772
kotek-52.png,kmeans,17,0.4292598372945761,56014.47928905087
kotek-52.png,kmeans,18,0.4247650679228802,55743.87581669983
kotek-52.png,kmeans,19,0.4205939264080866,55701.29598686555
kotek-52.png,kmeans,20,0.4206012755004938,56149.1666143243
kotek-52.png,kmedoids,5,0.5757368311927614,49098.679583083125
kotek-52.png,kmedoids,6,0.5065982783580897,48742.02877734405
kotek-52.png,kmedoids,7,0.472878109830366,47763.23269679739
kotek-52.png,kmedoids,8,0.4498836948390301,50027.757790209216
kotek-52.png,kmedoids,9,0.450015364115921,52998.331914045695
kotek-52.png,kmedoids,10,0.4370052009965593,53267.7006228857
kotek-52.png,kmedoids,11,0.41931600968392635,53452.00219550985
kotek-52.png,kmedoids,12,0.41636291543549675,54334.4947107755
kotek-52.png,kmedoids,13,0.40795570016084054,55396.831743573435
kotek-52.png,kmedoids,14,0.40526775462547837,55275.25953612665
kotek-52.png,kmedoids,15,0.39189449549905997,54511.73426256868
kotek-52.png,kmedoids,16,0.3894428489054419,54360.268676963446
kotek-52.png,kmedoids,17,0.3916079728420975,54539.24451926582
kotek-52.png,kmedoids,18,0.38049660122828555,53678.22859390972
kotek-52.png,kmedoids,19,0.3784726705018203,53507.794503155266
kotek-52.png,kmedoids,20,0.3706263637083168,53080.258841364666
kotek-53.png,kmeans,5,0.4502734868699079,18220.20669645308
kotek-53.png,kmeans,6,0.463655902272983,18872.327995453037
kotek-53.png,kmeans,7,0.45900163024328033,20755.136093384088
kotek-53.png,kmeans,8,0.44280265413698283,20348.386370069835
kotek-53.png,kmeans,9,0.4288208587832507,20375.955734251478
kotek-53.png,kmeans,10,0.41557548469916233,20706.02462072033
kotek-53.png,kmeans,11,0.40655752469054696,20317.925795201718
kotek-53.png,kmeans,12,0.40300179917615947,20152.97540137634
kotek-53.png,kmeans,13,0.3986715136814237,20043.5173897805
kotek-53.png,kmeans,14,0.39172627417008876,19805.32257548261
kotek-53.png,kmeans,15,0.38888989297835386,19647.840040974206
kotek-53.png,kmeans,16,0.37752098381518584,19480.23007251825
kotek-53.png,kmeans,17,0.37196829252364744,19329.444072644168
kotek-53.png,kmeans,18,0.366804234183459,19036.27954321412
kotek-53.png,kmeans,19,0.36350063320546566,18957.25579542025
kotek-53.png,kmeans,20,0.35903387908839857,18815.677250273086
kotek-53.png,kmedoids,5,0.4117726980282533,16204.748347301833
kotek-53.png,kmedoids,6,0.44744006565811906,19177.526600324683
kotek-53.png,kmedoids,7,0.42966655695178335,19042.21122965291
kotek-53.png,kmedoids,8,0.4154350086516664,20012.028906530333
kotek-53.png,kmedoids,9,0.4074158289565203,19667.039599754222
kotek-53.png,kmedoids,10,0.3999025398804075,19779.3193053833
kotek-53.png,kmedoids,11,0.389516392547579,19821.21518934758
kotek-53.png,kmedoids,12,0.3773838586343029,19530.364982980293
kotek-53.png,kmedoids,13,0.36761042696642576,19719.792761735767
kotek-53.png,kmedoids,14,0.3578891349681606,19290.10584253903
kotek-53.png,kmedoids,15,0.3460814766491536,18772.601866533852
kotek-53.png,kmedoids,16,0.3471972450198507,18667.218330396026
kotek-53.png,kmedoids,17,0.34651537139433364,18420.189324600444
kotek-53.png,kmedoids,18,0.3444829181204449,18333.464143775844
kotek-53.png,kmedoids,19,0.34294574034916353,18117.953977561236
kotek-53.png,kmedoids,20,0.3356144829584237,17728.116449538757
kotek-54.png,kmeans,5,0.5295441375269999,62756.38105358032
kotek-54.png,kmeans,6,0.5073455351354307,68647.41659918491
kotek-54.png,kmeans,7,0.4812216895870269,71245.51901528766
kotek-54.png,kmeans,8,0.46221458398045934,72122.596755751
kotek-54.png,kmeans,9,0.445377966897888,72504.92592480093
kotek-54.png,kmeans,10,0.4300463772037276,73789.83636118991
kotek-54.png,kmeans,11,0.41748605234503877,74303.08149387324
kotek-54.png,kmeans,12,0.40380615196835484,73408.34131777962
kotek-54.png,kmeans,13,0.39766066245847376,71862.88170531379
kotek-54.png,kmeans,14,0.39043071647121935,71270.73058969484
kotek-54.png,kmeans,15,0.3899288070822752,71457.82592626949
kotek-54.png,kmeans,16,0.3816866105979705,70783.89877415812
kotek-54.png,kmeans,17,0.38314471546093387,70298.85652349697
kotek-54.png,kmeans,18,0.3920661290930817,70263.20769674779
kotek-54.png,kmeans,19,0.38806289095814844,71072.24704862849
kotek-54.png,kmeans,20,0.3871770022194589,71470.0040992148
kotek-54.png,kmedoids,5,0.5284016708132936,61527.82029048943
kotek-54.png,kmedoids,6,0.49905400749373,67228.90337267445
kotek-54.png,kmedoids,7,0.4693948514592384,69611.14735519422
kotek-54.png,kmedoids,8,0.44924960756099025,71070.35287231556
kotek-54.png,kmedoids,9,0.43496477262365696,72027.42881829845
kotek-54.png,kmedoids,10,0.4206444702570854,72500.3893647436
kotek-54.png,kmedoids,11,0.4115765255440379,73588.16250446858
kotek-54.png,kmedoids,12,0.39664871291417114,71145.19464252397
kotek-54.png,kmedoids,13,0.38831386279051616,68628.65548192567
kotek-54.png,kmedoids,14,0.3831841244182371,69169.76105549376
kotek-54.png,kmedoids,15,0.38676795036449707,68640.68623350156
kotek-54.png,kmedoids,16,0.386439967489986,68338.38591606478
kotek-54.png,kmedoids,17,0.38479637039381576,68471.9659900827
kotek-54.png,kmedoids,18,0.3898981371843087,68044.56196579685
kotek-54.png,kmedoids,19,0.3796919814847861,66803.37212229751
kotek-54.png,kmedoids,20,0.38418461571907875,66867.34235303853
kotek-6.png,kmeans,5,0.38122303719159556,16472.65035568352
kotek-6.png,kmeans,6,0.38914657541161757,16165.192980373919
kotek-6.png,kmeans,7,0.38030784953131314,16145.289285254898
kotek-6.png,kmeans,8,0.36615980013853405,16001.353658547814
kotek-6.png,kmeans,9,0.3549721722292391,15718.758735965568
kotek-6.png,kmeans,10,0.3512451465087083,15589.92222910372
kotek-6.png,kmeans,11,0.34438877908648313,15551.905051621816
kotek-6.png,kmeans,12,0.3373283934804138,15247.847102356562
kotek-6.png,kmeans,13,0.329550888223341,15053.896751534528
kotek-6.png,kmeans,14,0.3217180987929351,14689.590351007762
kotek-6.png,kmeans,15,0.31126682709029163,14443.870511321744
kotek-6.png,kmeans,16,0.30749838440896865,14141.066888256468
kotek-6.png,kmeans,17,0.3076496381334735,13895.053671769612
kotek-6.png,kmeans,18,0.30596723347426896,13720.90114005672
kotek-6.png,kmeans,19,0.3073852951190942,13525.96721203292
kotek-6.png,kmeans,20,0.3004434318242805,13303.4185232502
kotek-6.png,kmedoids,5,0.36389564217036163,15940.501143670172
kotek-6.png,kmedoids,6,0.37596863651460355,15371.970441260986
kotek-6.png,kmedoids,7,0.35089324503978003,14898.446882590322
kotek-6.png,kmedoids,8,0.34571747550743664,15559.962076755062
kotek-6.png,kmedoids,9,0.3398546848140124,15164.486823314055
kotek-6.png,kmedoids,10,0.3381360475239606,14991.264928948338
kotek-6.png,kmedoids,11,0.3215019773324026,14553.611945914725
kotek-6.png,kmedoids,12,0.3199526926147213,14209.75585806963
kotek-6.png,kmedoids,13,0.3095567189043621,14021.170018832467
kotek-6.png,kmedoids,14,0.30176033030209903,13775.849473505392
kotek-6.png,kmedoids,15,0.295942313601787,13399.431760360205
kotek-6.png,kmedoids,16,0.2883093193906873,13271.74303142617
kotek-6.png,kmedoids,17,0.2831860807145958,12977.459431167652
kotek-6.png,kmedoids,18,0.28565484749472875,13054.347399648477
kotek-6.png,kmedoids,19,0.28153071311867167,12799.32297029607
kotek-6.png,kmedoids,20,0.2818913735533799,12745.526673349199
kotek-7.png,kmeans,5,0.4930443563435641,48548.80466075786
kotek-7.png,kmeans,6,0.47599939725994733,49742.40418166014
kotek-7.png,kmeans,7,0.4320225248670707,49352.370645839284
kotek-7.png,kmeans,8,0.41595951987638663,47262.63034543182
kotek-7.png,kmeans,9,0.40294643301468963,45681.16792202832
kotek-7.png,kmeans,10,0.40019925300387127,44983.14000911823
kotek-7.png,kmeans,11,0.38549062768379116,44382.985826992175
kotek-7.png,kmeans,12,0.3864295268790269,44125.281945164425
kotek-7.png,kmeans,13,0.3788635872846684,43314.08507784811
kotek-7.png,kmeans,14,0.3776121754807539,43159.20353886513
kotek-7.png,kmeans,15,0.37602112780439734,43240.5676695786
kotek-7.png,kmeans,16,0.3672372644613982,42859.521834623614
kotek-7.png,kmeans,17,0.3643404919899174,42833.64027819402
kotek-7.png,kmeans,18,0.36755356233087333,43060.59274670285
kotek-7.png,kmeans,19,0.36512286477053824,42998.91760619382
kotek-7.png,kmeans,20,0.36476747723829944,43106.782006446534
kotek-7.png,kmedoids,5,0.4329648986741338,45117.44721596756
kotek-7.png,kmedoids,6,0.3942187278032446,43533.40499131127
kotek-7.png,kmedoids,7,0.3685433277801837,41062.91408867233
kotek-7.png,kmedoids,8,0.36768938571162935,44738.75174982866
kotek-7.png,kmedoids,9,0.3633481125821039,42644.97534508217
kotek-7.png,kmedoids,10,0.3555060511313218,40566.60159269162
kotek-7.png,kmedoids,11,0.34844452185240027,39448.677781132385
kotek-7.png,kmedoids,12,0.3428960347671123,40153.92476202978
kotek-7.png,kmedoids,13,0.33310042818714736,38953.67583393017
kotek-7.png,kmedoids,14,0.33161076946802587,38945.98068748113
kotek-7.png,kmedoids,15,0.3200357263935404,38428.58921206722
kotek-7.png,kmedoids,16,0.3175798953681338,38753.208010287664
kotek-7.png,kmedoids,17,0.3193340708392557,39060.40521169278
kotek-7.png,kmedoids,18,0.31814070432859937,38965.430382472405
kotek-7.png,kmedoids,19,0.3115636243187221,38757.99798665369
kotek-7.png,kmedoids,20,0.30284688879427635,37985.992446658
kotek-8.png,kmeans,5,0.4975072831629445,17832.45185398062
kotek-8.png,kmeans,6,0.4786409562638395,17723.707724947813
kotek-8.png,kmeans,7,0.4730095054328851,18709.867336145748
kotek-8.png,kmeans,8,0.46812506397255793,19047.130727725653
kotek-8.png,kmeans,9,0.4555790267822025,19309.327622859317
kotek-8.png,kmeans,10,0.43704648931268214,19339.880980143615
kotek-8.png,kmeans,11,0.4243162446940395,19945.450344364588
kotek-8.png,kmeans,12,0.4095244471853853,19534.512439536782
kotek-8.png,kmeans,13,0.4108590036453233,19988.69452595545
kotek-8.png,kmeans,14,0.39177160843234066,19565.042514057983
kotek-8.png,kmeans,15,0.3865061810297846,19279.03770315551
kotek-8.png,kmeans,16,0.3842175949269182,19446.285990589553
kotek-8.png,kmeans,17,0.385434945272854,19552.39458911723
kotek-8.png,kmeans,18,0.3869615619886416,19707.73123882175
kotek-8.png,kmeans,19,0.38515883480196916,19720.19597196515
kotek-8.png,kmeans,20,0.37956850227583505,19346.137046857995
kotek-8.png,kmedoids,5,0.43984210203842267,13419.793002006394
kotek-8.png,kmedoids,6,0.46214486143328937,16945.39767732172
kotek-8.png,kmedoids,7,0.45573214179201116,17385.447452716926
kotek-8.png,kmedoids,8,0.43414378993261354,17408.56778837789
kotek-8.png,kmedoids,9,0.41151699627346316,17507.210489248617
kotek-8.png,kmedoids,10,0.40494938100068295,17333.98274446878
kotek-8.png,kmedoids,11,0.4027755940819784,18507.750683815364
kotek-8.png,kmedoids,12,0.39691477524220575,18463.66061395143
kotek-8.png,kmedoids,13,0.3893887723983581,18386.542450585257
kotek-8.png,kmedoids,14,0.38184095641438914,17714.448678778335
kotek-8.png,kmedoids,15,0.371391474978226,17453.221277212677
kotek-8.png,kmedoids,16,0.376290707031928,17545.66027129372
kotek-8.png,kmedoids,17,0.36676802888256865,17565.210506862255
kotek-8.png,kmedoids,18,0.3602157772137096,17802.833098980747
kotek-8.png,kmedoids,19,0.3662883654564967,18090.230966432184
kotek-8.png,kmedoids,20,0.3594454086424723,17939.84102254694
kotek-9.png,kmeans,5,0.6098139458796321,48326.324905953334
kotek-9.png,kmeans,6,0.58140949051692,48573.16994883783
kotek-9.png,kmeans,7,0.567238499053112,50919.52726639273
kotek-9.png,kmeans,8,0.5397788200896386,50812.91984517193
kotek-9.png,kmeans,9,0.5233819923860132,50003.37286884073
kotek-9.png,kmeans,10,0.4983649812838191,50608.21290840169
kotek-9.png,kmeans,11,0.4840217928505445,50546.86794788869
kotek-9.png,kmeans,12,0.4847337450181792,50427.237037553336
kotek-9.png,kmeans,13,0.4817521902585719,49868.836294606874
kotek-9.png,kmeans,14,0.48255698201852687,49793.71677654551
kotek-9.png,kmeans,15,0.469827495919066,48786.2589666172
kotek-9.png,kmeans,16,0.46978298048740214,48254.74026488998
kotek-9.png,kmeans,17,0.46625960241138265,48245.68453240288
kotek-9.png,kmeans,18,0.4657662487456057,48122.87489669845
kotek-9.png,kmeans,19,0.4644822572635149,48014.24828613455
kotek-9.png,kmeans,20,0.46329684755174344,47662.892082785045
kotek-9.png,kmedoids,5,0.5195310612757041,43150.35351454356
kotek-9.png,kmedoids,6,0.46541520846148077,42381.979448163795
kotek-9.png,kmedoids,7,0.4704972132351589,45525.57780262972
kotek-9.png,kmedoids,8,0.47989375218205,48290.371150686835
kotek-9.png,kmedoids,9,0.46178870244689696,49383.43535361984
kotek-9.png,kmedoids,10,0.40991508124489207,46724.51105714821
kotek-9.png,kmedoids,11,0.40389778862985637,45669.73427858159
kotek-9.png,kmedoids,12,0.40795829985044224,45956.236704347495
kotek-9.png,kmedoids,13,0.41986217322438535,46772.38997711507
kotek-9.png,kmedoids,14,0.412614831929831,47085.34780213499
kotek-9.png,kmedoids,15,0.4004267783505542,46619.550220182005
kotek-9.png,kmedoids,16,0.4060579435337603,46003.105056205655
kotek-9.png,kmedoids,17,0.3884721643047965,46165.6728139257
kotek-9.png,kmedoids,18,0.393489404418225,45305.5229950697
kotek-9.png,kmedoids,19,0.3913254735036239,44241.78106952665
kotek-9.png,kmedoids,20,0.3721898420583946,42810.48099326076
kwiatek-0.png,kmeans,5,0.4376702174269235,13801.33523455862
kwiatek-0.png,kmeans,6,0.4371491471456476,13158.728770747675
kwiatek-0.png,kmeans,7,0.4234340737717256,13477.442891490859
kwiatek-0.png,kmeans,8,0.41959296177514505,13662.47916775794
kwiatek-0.png,kmeans,9,0.4243326750625208,13588.295392554655
kwiatek-0.png,kmeans,10,0.4147067533743084,13513.82400362688
kwiatek-0.png,kmeans,11,0.4116627850830074,13465.286857183237
kwiatek-0.png,kmeans,12,0.40088327358888715,13582.531300577702
kwiatek-0.png,kmeans,13,0.3952524361088712,13482.686756579491
kwiatek-0.png,kmeans,14,0.3973399739530997,13456.345195976846
kwiatek-0.png,kmeans,15,0.38287123588589905,13253.34394697356
kwiatek-0.png,kmeans,16,0.3784684939739248,13024.140718714645
kwiatek-0.png,kmeans,17,0.37895229909466754,12870.771378549525
kwiatek-0.png,kmeans,18,0.361916557712166,12745.5869360707
kwiatek-0.png,kmeans,19,0.3571461126714499,12676.205566435296
kwiatek-0.png,kmeans,20,0.3523969702927513,12453.150720215266
kwiatek-0.png,kmedoids,5,0.40896940008938565,13265.935447915132
kwiatek-0.png,kmedoids,6,0.40933196976689157,12811.850983835258
kwiatek-0.png,kmedoids,7,0.40903042990397465,12746.712143858671
kwiatek-0.png,kmedoids,8,0.41470026090156564,12895.595710011514
kwiatek-0.png,kmedoids,9,0.40748204366586266,13012.296546085228
kwiatek-0.png,kmedoids,10,0.39527494364025173,12930.131240368677
kwiatek-0.png,kmedoids,11,0.3944177086088104,12702.739478840665
kwiatek-0.png,kmedoids,12,0.3945939138257303,12965.909119611799
kwiatek-0.png,kmedoids,13,0.3805767824638786,12842.869495142942
kwiatek-0.png,kmedoids,14,0.3727897285511363,12848.939996663497
kwiatek-0.png,kmedoids,15,0.36164172118058674,12633.53025663053
kwiatek-0.png,kmedoids,16,0.3515519990182602,12481.162150597544
kwiatek-0.png,kmedoids,17,0.348569589097459,12728.33283627982
kwiatek-0.png,kmedoids,18,0.34122361006225,12402.212171543404
kwiatek-0.png,kmedoids,19,0.3265575372813455,12142.198763409771
kwiatek-0.png,kmedoids,20,0.3177956286368778,11930.405962839437
kwiatek-1.png,kmeans,5,0.5591531282049134,34025.7256538831
kwiatek-1.png,kmeans,6,0.5262779032665572,33653.876581717115
kwiatek-1.png,kmeans,7,0.5036369206270482,31943.336114643997
kwiatek-1.png,kmeans,8,0.4747262138088983,31615.63267147611
kwiatek-1.png,kmeans,9,0.46642507111893494,30868.000199893413
kwiatek-1.png,kmeans,10,0.4589726056087101,29980.28422998014
kwiatek-1.png,kmeans,11,0.4603442635865395,30027.228929214238
kwiatek-1.png,kmeans,12,0.46064696135049077,29918.60031084857
kwiatek-1.png,kmeans,13,0.462057688914594,30193.02014460463
kwiatek-1.png,kmeans,14,0.4640440897669242,30071.19562517713
kwiatek-1.png,kmeans,15,0.45816892832340994,30397.45516795629
kwiatek-1.png,kmeans,16,0.45272583880379785,30315.860368967453
kwiatek-1.png,kmeans,17,0.4452674820346506,30427.0219552525
kwiatek-1.png,kmeans,18,0.43836842059716147,30349.900361074455
kwiatek-1.png,kmeans,19,0.4332310060131447,30089.29331966378
kwiatek-1.png,kmeans,20,0.4310443600587339,29969.136826741225
kwiatek-1.png,kmedoids,5,0.5320781255973704,31563.169228804087
kwiatek-1.png,kmedoids,6,0.48303028667400183,29150.143569910644
kwiatek-1.png,kmedoids,7,0.4635912993361628,30806.06102437725
kwiatek-1.png,kmedoids,8,0.44618340159381703,30717.469876432682
kwiatek-1.png,kmedoids,9,0.4183213635865951,29001.76142950037
kwiatek-1.png,kmedoids,10,0.4152386220196262,28217.647109964793
kwiatek-1.png,kmedoids,11,0.4209569359242611,28373.634408610036
kwiatek-1.png,kmedoids,12,0.4210811484501088,28288.927433893237
kwiatek-1.png,kmedoids,13,0.41660974252797384,27940.031146740414
kwiatek-1.png,kmedoids,14,0.41075855714408416,27480.969021083514
kwiatek-1.png,kmedoids,15,0.40589256055566797,28129.23546354912
kwiatek-1.png,kmedoids,16,0.40987581532441625,28497.39774908956
kwiatek-1.png,kmedoids,17,0.4071023702734856,28138.497675695562
kwiatek-1.png,kmedoids,18,0.40690681218027913,28148.42565638929
kwiatek-1.png,kmedoids,19,0.4084807246958026,28283.37224044355
kwiatek-1.png,kmedoids,20,0.4050696649494638,28106.839461241092
kwiatek-10.png,kmeans,5,0.4285119412716498,16917.447412992577
kwiatek-10.png,kmeans,6,0.45764232152109596,17652.86044067327
kwiatek-10.png,kmeans,7,0.45565604171385454,17263.226555929094
kwiatek-10.png,kmeans,8,0.4611611119289353,17781.860237656587
kwiatek-10.png,kmeans,9,0.473391143024705,19168.72052886303
kwiatek-10.png,kmeans,10,0.46868089515955075,19215.37262215605
kwiatek-10.png,kmeans,11,0.4687309466224751,19479.743796968214
kwiatek-10.png,kmeans,12,0.4604809985911045,19191.274859222634
kwiatek-10.png,kmeans,13,0.4571053791795717,19595.49235151065
kwiatek-10.png,kmeans,14,0.4517075109521295,19657.95252685024
kwiatek-10.png,kmeans,15,0.4493374984558668,19416.474467189244
kwiatek-10.png,kmeans,16,0.4457682697933697,19316.122883595326
kwiatek-10.png,kmeans,17,0.4438593422420653,19816.53506580006
kwiatek-10.png,kmeans,18,0.43703579325629616,19648.97833631944
kwiatek-10.png,kmeans,19,0.4280916492722714,19463.498202414434
kwiatek-10.png,kmeans,20,0.4158469013358507,19298.743310841826
kwiatek-10.png,kmedoids,5,0.4336918339803228,16440.927750065835
kwiatek-10.png,kmedoids,6,0.46090371586005513,17291.5910413273
kwiatek-10.png,kmedoids,7,0.4637420853560018,16848.02161374965
kwiatek-10.png,kmedoids,8,0.44241440267591053,16867.91183529142
kwiatek-10.png,kmedoids,9,0.4508576928589184,17231.574167715422
kwiatek-10.png,kmedoids,10,0.44585888040392196,18423.2076076551
kwiatek-10.png,kmedoids,11,0.4558402704656432,19760.611791282423
kwiatek-10.png,kmedoids,12,0.44348349840271756,19338.455674810662
kwiatek-10.png,kmedoids,13,0.4351217466286051,19333.013257876253
kwiatek-10.png,kmedoids,14,0.4294260043505328,19180.47452962077
kwiatek-10.png,kmedoids,15,0.42329743195177494,19246.415528499318
kwiatek-10.png,kmedoids,16,0.42107389920845845,19130.258482546844
kwiatek-10.png,kmedoids,17,0.41407056523144137,18973.410541373636
kwiatek-10.png,kmedoids,18,0.4020439165044685,18761.65539154555
kwiatek-10.png,kmedoids,19,0.3803373963920749,18315.325573911687
kwiatek-10.png,kmedoids,20,0.3758357837898143,18167.81410880985
kwiatek-11.png,kmeans,5,0.5005021023847397,17102.044658261653
kwiatek-11.png,kmeans,6,0.4867977201481667,17548.931207135753
kwiatek-11.png,kmeans,7,0.49196078770946344,17334.502513487187
kwiatek-11.png,kmeans,8,0.44494947454967926,16523.902434177427
kwiatek-11.png,kmeans,9,0.4359529782549057,16193.019586489036
kwiatek-11.png,kmeans,10,0.44322132913508805,16465.858167293376
kwiatek-11.png,kmeans,11,0.4354122755204693,16212.05328707253
kwiatek-11.png,kmeans,12,0.4354774235454516,16290.144919727789
kwiatek-11.png,kmeans,13,0.4382882504769706,16328.036426927614
kwiatek-11.png,kmeans,14,0.4320499418699371,16188.27163629368
kwiatek-11.png,kmeans,15,0.42412426151284094,16055.506344695541
kwiatek-11.png,kmeans,16,0.4168981901494805,15923.358605349971
kwiatek-11.png,kmeans,17,0.41057118961792377,15791.10019167926
kwiatek-11.png,kmeans,18,0.41150551574942984,15661.421109625526
kwiatek-11.png,kmeans,19,0.41029106519281217,15338.982363695075
kwiatek-11.png,kmeans,20,0.41222340731916696,15249.569116801396
kwiatek-11.png,kmedoids,5,0.47986294591881756,17154.149373529715
kwiatek-11.png,kmedoids,6,0.48538573016764835,17441.336294060242
kwiatek-11.png,kmedoids,7,0.4195440647424979,15493.281529084377
kwiatek-11.png,kmedoids,8,0.4007026866529035,14856.138646932206
kwiatek-11.png,kmedoids,9,0.39846083705003255,15151.767807212847
kwiatek-11.png,kmedoids,10,0.3963315571114693,14950.895530301224
kwiatek-11.png,kmedoids,11,0.416621243017999,15313.178625531964
kwiatek-11.png,kmedoids,12,0.42220057117925763,15618.119816203782
kwiatek-11.png,kmedoids,13,0.4092029420825142,15385.377582363208
kwiatek-11.png,kmedoids,14,0.4004804504676051,15365.838760003995
kwiatek-11.png,kmedoids,15,0.4033811606112133,15404.269325543564
kwiatek-11.png,kmedoids,16,0.40293681988980234,15050.079174721686
kwiatek-11.png,kmedoids,17,0.40272049949680094,14942.498860908381
kwiatek-11.png,kmedoids,18,0.3971261630521491,14664.340980204852
kwiatek-11.png,kmedoids,19,0.3952576934738432,14932.299999554176
kwiatek-11.png,kmedoids,20,0.39063896935689224,14776.735823520115
kwiatek-12.png,kmeans,5,0.5134912605253994,22505.06011047015
kwiatek-12.png,kmeans,6,0.4704619519913173,22777.172480482033
kwiatek-12.png,kmeans,7,0.481009295270174,22952.618435364042
kwiatek-12.png,kmeans,8,0.4890791924645598,24132.90286851007
kwiatek-12.png,kmeans,9,0.4715126852832035,25025.455427183704
kwiatek-12.png,kmeans,10,0.45937445758102935,25979.01645922564
kwiatek-12.png,kmeans,11,0.45217766515994573,27603.966594591573
kwiatek-12.png,kmeans,12,0.42157077563932405,27625.49843931144
kwiatek-12.png,kmeans,13,0.4100060210661419,27495.642620685052
kwiatek-12.png,kmeans,14,0.40163197794451805,27377.71786309717
kwiatek-12.png,kmeans,15,0.39477656724588045,27263.609956264485
kwiatek-12.png,kmeans,16,0.39406655366477394,27294.838972501126
kwiatek-12.png,kmeans,17,0.38947125757764817,27055.51806226237
kwiatek-12.png,kmeans,18,0.3849272196444079,26975.30053335794
kwiatek-12.png,kmeans,19,0.382816534677442,27012.068742925294
kwiatek-12.png,kmeans,20,0.38389185888273974,26798.890764852415
kwiatek-12.png,kmedoids,5,0.43451656668565874,20232.509252045536
kwiatek-12.png,kmedoids,6,0.4644565612639262,21947.89147897892
kwiatek-12.png,kmedoids,7,0.4264182009181573,21101.176161613326
kwiatek-12.png,kmedoids,8,0.4343020545500666,22045.224363739468
kwiatek-12.png,kmedoids,9,0.42637516635470024,23257.19490774234
kwiatek-12.png,kmedoids,10,0.4092981950914649,23399.480631727307
kwiatek-12.png,kmedoids,11,0.39858733501934385,22530.98881824423
kwiatek-12.png,kmedoids,12,0.39678706520978835,22384.418962009855
kwiatek-12.png,kmedoids,13,0.39508539233085366,22944.172987791557
kwiatek-12.png,kmedoids,14,0.402682880342495,26829.314969414216
kwiatek-12.png,kmedoids,15,0.3950414491723621,26395.988133108338
kwiatek-12.png,kmedoids,16,0.3906628608505903,26608.06732696505
kwiatek-12.png,kmedoids,17,0.37878855048884963,25815.691381125333
kwiatek-12.png,kmedoids,18,0.37244205410225456,25750.213745261306
kwiatek-12.png,kmedoids,19,0.3687295856293733,26237.36928888102
kwiatek-12.png,kmedoids,20,0.3616121462318266,25843.453762943453
kwiatek-13.png,kmeans,5,0.518736718016517,29511.78508165197
kwiatek-13.png,kmeans,6,0.4830057547692925,27054.391597816284
kwiatek-13.png,kmeans,7,0.48154598959088296,25976.415944346045
kwiatek-13.png,kmeans,8,0.4802406633368328,24865.328034783386
kwiatek-13.png,kmeans,9,0.4745714011158565,24002.66688023394
kwiatek-13.png,kmeans,10,0.4801783123270266,23510.13322360813
kwiatek-13.png,kmeans,11,0.4782213637237599,23239.5772513523
kwiatek-13.png,kmeans,12,0.48727799671089567,23293.90751598914
kwiatek-13.png,kmeans,13,0.4887220795129001,22983.404795829792
kwiatek-13.png,kmeans,14,0.4809957633890968,22479.385134710923
kwiatek-13.png,kmeans,15,0.4779226482189622,22079.994217332005
kwiatek-13.png,kmeans,16,0.4790879002017544,22076.719546210556
kwiatek-13.png,kmeans,17,0.47571130683858476,21855.149557284527
kwiatek-13.png,kmeans,18,0.4720275072958085,21846.792678530386
kwiatek-13.png,kmeans,19,0.4682214468477726,21800.48361826808
kwiatek-13.png,kmeans,20,0.4703482156394532,21694.675978860898
kwiatek-13.png,kmedoids,5,0.47136679934182163,27653.739892546884
kwiatek-13.png,kmedoids,6,0.45866252927841006,26075.564002224608
kwiatek-13.png,kmedoids,7,0.46329859939841456,25143.54804164901
kwiatek-13.png,kmedoids,8,0.4815098381096795,22926.530577744215
kwiatek-13.png,kmedoids,9,0.4539398813660342,22200.0164644139
kwiatek-13.png,kmedoids,10,0.43220199296846784,21374.38918729524
kwiatek-13.png,kmedoids,11,0.43383923295215465,21047.177961557645
kwiatek-13.png,kmedoids,12,0.43735921594208726,20899.557634061155
kwiatek-13.png,kmedoids,13,0.43224753724364195,20526.42184002034
kwiatek-13.png,kmedoids,14,0.4393540941353559,20674.0048607407
kwiatek-13.png,kmedoids,15,0.4385500966851474,20598.916593293994
kwiatek-13.png,kmedoids,16,0.44603761925204044,21157.071208551864
kwiatek-13.png,kmedoids,17,0.4412603323912486,20920.392165175992
kwiatek-13.png,kmedoids,18,0.4253396629834568,20226.664510669078
kwiatek-13.png,kmedoids,19,0.42708321100967794,20389.81292388444
kwiatek-13.png,kmedoids,20,0.4185369622485918,20142.249718276264
kwiatek-14.png,kmeans,5,0.5849778238671572,36085.849732084185
kwiatek-14.png,kmeans,6,0.572574275574919,38250.11785186302
kwiatek-14.png,kmeans,7,0.5515599180427866,40571.05874760618
kwiatek-14.png,kmeans,8,0.5290051749963964,40873.82564746766
kwiatek-14.png,kmeans,9,0.519134541920422,40958.894991225876
kwiatek-14.png,kmeans,10,0.502149666570406,42402.964490729144
kwiatek-14.png,kmeans,11,0.4835176533034075,42436.795650251195
kwiatek-14.png,kmeans,12,0.4761799598547343,41810.865743105795
kwiatek-14.png,kmeans,13,0.47272765085562085,41687.499946977325
kwiatek-14.png,kmeans,14,0.4664825263298849,41835.53720064311
kwiatek-14.png,kmeans,15,0.4667635184558372,41935.83129491105
kwiatek-14.png,kmeans,16,0.46617488928573964,41711.44726053819
kwiatek-14.png,kmeans,17,0.45934383235829646,41302.771516691224
kwiatek-14.png,kmeans,18,0.45401293849514646,41274.673101378496
kwiatek-14.png,kmeans,19,0.4483224205768977,39924.07092072857
kwiatek-14.png,kmeans,20,0.44538197174258426,39062.43548481867
kwiatek-14.png,kmedoids,5,0.5868012156979546,37090.62644439256
kwiatek-14.png,kmedoids,6,0.5793642900369226,37842.832787432286
kwiatek-14.png,kmedoids,7,0.5532118139545771,39914.688101783264
kwiatek-14.png,kmedoids,8,0.5217330984267052,42307.16646451173
kwiatek-14.png,kmedoids,9,0.5100530940897652,41424.81977781672
kwiatek-14.png,kmedoids,10,0.4970840547784715,42013.255714184445
kwiatek-14.png,kmedoids,11,0.48678869233314115,42806.88853889993
kwiatek-14.png,kmedoids,12,0.4776506397711778,42728.432007753305
kwiatek-14.png,kmedoids,13,0.4729536890175991,42329.36482713937
kwiatek-14.png,kmedoids,14,0.46221035419017786,41724.68376758802
kwiatek-14.png,kmedoids,15,0.4555120802385795,40640.48147532481
kwiatek-14.png,kmedoids,16,0.44425279984336025,39432.76994105206
kwiatek-14.png,kmedoids,17,0.43415768289627243,38430.00551682571
kwiatek-14.png,kmedoids,18,0.43594971604914406,38924.6971127124
kwiatek-14.png,kmedoids,19,0.43493229945937484,38026.98021834809
kwiatek-14.png,kmedoids,20,0.4360558682449964,39559.19389358118
kwiatek-15.png,kmeans,5,0.4478618721613679,25152.154824968115
kwiatek-15.png,kmeans,6,0.44554982090876794,24856.484313871297
kwiatek-15.png,kmeans,7,0.4619305628425458,24779.816293497264
kwiatek-15.png,kmeans,8,0.46026739283213197,25669.02324631399
kwiatek-15.png,kmeans,9,0.48711882428240455,26514.617031340946
kwiatek-15.png,kmeans,10,0.48515795333361067,26588.135003864194
kwiatek-15.png,kmeans,11,0.480635128903971,27079.511038541074
kwiatek-15.png,kmeans,12,0.467903871019067,27482.947806501958
kwiatek-15.png,kmeans,13,0.46047907084986905,27471.242064134065
kwiatek-15.png,kmeans,14,0.456770846993692,27405.204399686772
kwiatek-15.png,kmeans,15,0.45095678904420894,27096.361133386363
kwiatek-15.png,kmeans,16,0.4504184418122252,26821.822893366712
kwiatek-15.png,kmeans,17,0.44884322428461526,27221.197817163695
kwiatek-15.png,kmeans,18,0.4432004238235029,27084.866899677756
kwiatek-15.png,kmeans,19,0.43992823448010493,26565.861274656745
kwiatek-15.png,kmeans,20,0.4359820461611331,26770.206183179387
kwiatek-15.png,kmedoids,5,0.44079240964762006,23166.884865907698
kwiatek-15.png,kmedoids,6,0.43232497213678106,24156.766784195475
kwiatek-15.png,kmedoids,7,0.43871567431007225,24502.091324412595
kwiatek-15.png,kmedoids,8,0.46731542049371877,24210.156542566743
kwiatek-15.png,kmedoids,9,0.47357403287224253,25398.120669197004
kwiatek-15.png,kmedoids,10,0.4524287887649736,25319.66764060049
kwiatek-15.png,kmedoids,11,0.4390098441709184,24513.456241126754
kwiatek-15.png,kmedoids,12,0.4352349626520585,24338.57638407461
kwiatek-15.png,kmedoids,13,0.4401881621334079,26154.448086724213
kwiatek-15.png,kmedoids,14,0.42917218889928394,26266.290422538812
kwiatek-15.png,kmedoids,15,0.43003545542869437,26198.460265557987
kwiatek-15.png,kmedoids,16,0.41567777014405627,25566.43781522701
kwiatek-15.png,kmedoids,17,0.4162997610625311,25396.55769740862
kwiatek-15.png,kmedoids,18,0.409376254361995,25098.09424968878
kwiatek-15.png,kmedoids,19,0.40762531474379704,24936.169737085886
kwiatek-15.png,kmedoids,20,0.40098608028275623,24407.374767289562
kwiatek-16.png,kmeans,5,0.6978276488022059,48853.47225561003
kwiatek-16.png,kmeans,6,0.671638786730975,47067.30317540796
kwiatek-16.png,kmeans,7,0.6602073804629074,49823.406174041695
kwiatek-16.png,kmeans,8,0.6401435741518959,50498.761134130626
kwiatek-16.png,kmeans,9,0.6360991637433835,51773.74517204666
kwiatek-16.png,kmeans,10,0.6244212228744713,52493.355479373524
kwiatek-16.png,kmeans,11,0.627312860567964,56543.654831359556
kwiatek-16.png,kmeans,12,0.6246809461350317,57504.66003649666
kwiatek-16.png,kmeans,13,0.6120195004753743,56958.65202449937
kwiatek-16.png,kmeans,14,0.5936251471004119,56081.19192838995
kwiatek-16.png,kmeans,15,0.5956138761374832,57500.07819583119
kwiatek-16.png,kmeans,16,0.5915218191226698,57853.142300566935
kwiatek-16.png,kmeans,17,0.578086148876333,58603.00082840664
kwiatek-16.png,kmeans,18,0.581234000921756,59665.78067413516
kwiatek-16.png,kmeans,19,0.5799758936794586,59504.01678704176
kwiatek-16.png,kmeans,20,0.5565277424043338,60352.94335204008
kwiatek-16.png,kmedoids,5,0.6938583122562689,48096.61492901503
kwiatek-16.png,kmedoids,6,0.6612102368614,45817.370680165994
kwiatek-16.png,kmedoids,7,0.6471327238340655,48496.36757025134
kwiatek-16.png,kmedoids,8,0.631255034359237,47745.83530909201
kwiatek-16.png,kmedoids,9,0.6096869789477122,47777.13439432463
kwiatek-16.png,kmedoids,10,0.5595710912486463,46815.734613329885
kwiatek-16.png,kmedoids,11,0.5085921112436598,45175.21986536125
kwiatek-16.png,kmedoids,12,0.4867658846708892,45797.199891602635
kwiatek-16.png,kmedoids,13,0.4587872435567032,43930.00475973215
kwiatek-16.png,kmedoids,14,0.46834791030391143,45499.26123777307
kwiatek-16.png,kmedoids,15,0.47169224393718867,48584.704247313864
kwiatek-16.png,kmedoids,16,0.4707371164128163,51710.02509133083
kwiatek-16.png,kmedoids,17,0.4705032207706298,52122.32741587187
kwiatek-16.png,kmedoids,18,0.471362556005928,52599.57088292782
kwiatek-16.png,kmedoids,19,0.478676050689023,54180.01399227923
kwiatek-16.png,kmedoids,20,0.48227569442038665,55499.20589657815
kwiatek-17.png,kmeans,5,0.5821691881089375,32228.245926373154
kwiatek-17.png,kmeans,6,0.5161512903002532,32951.15214757902
kwiatek-17.png,kmeans,7,0.4895413719056611,33592.897482306915
kwiatek-17.png,kmeans,8,0.49234863264060824,32782.236368796635
kwiatek-17.png,kmeans,9,0.4934762310787882,34846.43448183713
kwiatek-17.png,kmeans,10,0.485651369708223,35682.01989492768
kwiatek-17.png,kmeans,11,0.4751179449763061,35793.141685437986
kwiatek-17.png,kmeans,12,0.46847807913513595,36533.21795615709
kwiatek-17.png,kmeans,13,0.4606368798683359,36445.94143712479
kwiatek-17.png,kmeans,14,0.44923300565686297,36494.599944343034
kwiatek-17.png,kmeans,15,0.4368974032800385,37100.0123737657
kwiatek-17.png,kmeans,16,0.4335120137084976,37511.33712645286
kwiatek-17.png,kmeans,17,0.4295987236703288,37559.160207704976
kwiatek-17.png,kmeans,18,0.4302011808938403,37406.35919586869
kwiatek-17.png,kmeans,19,0.42526714065249926,36900.91304744095
kwiatek-17.png,kmeans,20,0.42492335386363883,37095.194416069266
kwiatek-17.png,kmedoids,5,0.5607060259383667,31390.806300641452
kwiatek-17.png,kmedoids,6,0.4872613681424157,32737.529287769845
kwiatek-17.png,kmedoids,7,0.4647229145080488,31221.413532699364
kwiatek-17.png,kmedoids,8,0.43797183934724027,29421.15356081086
kwiatek-17.png,kmedoids,9,0.4257528426083567,29715.80116147839
kwiatek-17.png,kmedoids,10,0.4277805142237299,29687.741731985367
kwiatek-17.png,kmedoids,11,0.43359186719260767,30807.925917931472
kwiatek-17.png,kmedoids,12,0.42747340098389264,31833.415476866863
kwiatek-17.png,kmedoids,13,0.4288415111958173,32385.909090149264
kwiatek-17.png,kmedoids,14,0.4267376492153766,34121.416692370476
kwiatek-17.png,kmedoids,15,0.42269472003709313,34682.71770318564
kwiatek-17.png,kmedoids,16,0.41725043770571296,33926.09794659274
kwiatek-17.png,kmedoids,17,0.4034630836785243,33151.758552118685
kwiatek-17.png,kmedoids,18,0.3956957287937902,33173.33406951471
kwiatek-17.png,kmedoids,19,0.38630024983526345,33216.61107042643
kwiatek-17.png,kmedoids,20,0.38503253604032855,32751.659786101944
kwiatek-18.png,kmeans,5,0.6994035776057392,74428.20026298701
kwiatek-18.png,kmeans,6,0.6939992432322926,73062.94905744985
kwiatek-18.png,kmeans,7,0.6768120090503806,69743.9860743175
kwiatek-18.png,kmeans,8,0.6460696544155908,68399.14476876848
kwiatek-18.png,kmeans,9,0.6243788530881712,67115.95050077271
kwiatek-18.png,kmeans,10,0.624037036633992,67068.48320289116
kwiatek-18.png,kmeans,11,0.6068781944809871,66227.70343882471
kwiatek-18.png,kmeans,12,0.5930062257257249,65776.12987904914
kwiatek-18.png,kmeans,13,0.5947270465526244,65302.736078821836
kwiatek-18.png,kmeans,14,0.5755495112615193,64749.54858176511
kwiatek-18.png,kmeans,15,0.5563338608396634,64110.452903048
kwiatek-18.png,kmeans,16,0.5575978630666231,64231.6700206553
kwiatek-18.png,kmeans,17,0.5568786220761364,64012.54707508177
kwiatek-18.png,kmeans,18,0.5389438327918741,64027.259006604625
kwiatek-18.png,kmeans,19,0.5387643753596321,63439.47414084936
kwiatek-18.png,kmeans,20,0.5245584286331286,63519.4212276349
kwiatek-18.png,kmedoids,5,0.6709171357256956,70746.35140914106
kwiatek-18.png,kmedoids,6,0.5848536837946263,66310.12568427096
kwiatek-18.png,kmedoids,7,0.5833813854922749,67559.40720936569
kwiatek-18.png,kmedoids,8,0.5546475288423454,65366.758992498195
kwiatek-18.png,kmedoids,9,0.5345628830364787,64437.40232270729
kwiatek-18.png,kmedoids,10,0.4858707273893394,62784.17410395446
kwiatek-18.png,kmedoids,11,0.45406011686778863,60740.80733939113
kwiatek-18.png,kmedoids,12,0.4255531265208107,60527.681349589875
kwiatek-18.png,kmedoids,13,0.43135975521685843,61277.66816430968
kwiatek-18.png,kmedoids,14,0.4196057793644414,59957.369707442645
kwiatek-18.png,kmedoids,15,0.4197471920498422,60176.1277604967
kwiatek-18.png,kmedoids,16,0.4260993996859561,60305.73514567034
kwiatek-18.png,kmedoids,17,0.4026066960549627,58573.52447887461
kwiatek-18.png,kmedoids,18,0.3958649784090019,58434.67916231115
kwiatek-18.png,kmedoids,19,0.39843326759708064,59449.67342138009
kwiatek-18.png,kmedoids,20,0.3841284938765762,58554.65488739668
kwiatek-19.png,kmeans,5,0.5260362790455142,45085.148937984326
kwiatek-19.png,kmeans,6,0.5126909794046107,48206.253802549574
kwiatek-19.png,kmeans,7,0.4887138107630326,49242.573695682164
kwiatek-19.png,kmeans,8,0.47467473554301776,52213.91254015298
kwiatek-19.png,kmeans,9,0.4611601392700878,53032.72152431284
kwiatek-19.png,kmeans,10,0.453903318693221,52642.76079189711
kwiatek-19.png,kmeans,11,0.4458105443652337,53270.213096837266
kwiatek-19.png,kmeans,12,0.44575609034144215,54780.49920000351
kwiatek-19.png,kmeans,13,0.440578946307451,55995.0792383987
kwiatek-19.png,kmeans,14,0.4370008090698243,56316.42421700943
kwiatek-19.png,kmeans,15,0.4293348372399602,55992.075423004004
kwiatek-19.png,kmeans,16,0.4242910184554015,55657.06527187757
kwiatek-19.png,kmeans,17,0.4198438867255329,55440.699064891414
kwiatek-19.png,kmeans,18,0.41732699243531207,55220.0076987176
kwiatek-19.png,kmeans,19,0.41019094673624446,55462.389898050365
kwiatek-19.png,kmeans,20,0.40745492126886285,55687.06440265436
kwiatek-19.png,kmedoids,5,0.5188915266130012,43600.96505318499
kwiatek-19.png,kmedoids,6,0.5075328497631588,47754.3146481787
kwiatek-19.png,kmedoids,7,0.4867335311064087,48846.7722557276
kwiatek-19.png,kmedoids,8,0.4714598592739866,52106.48481187304
kwiatek-19.png,kmedoids,9,0.4534259165383622,52361.96454476444
kwiatek-19.png,kmedoids,10,0.4435384445063165,51819.65374729167
kwiatek-19.png,kmedoids,11,0.4356056675953493,52146.722512354936
kwiatek-19.png,kmedoids,12,0.4301645301601035,52408.23422426031
kwiatek-19.png,kmedoids,13,0.4307907221323273,54115.41380360308
kwiatek-19.png,kmedoids,14,0.42882048175069504,55325.704801883294
kwiatek-19.png,kmedoids,15,0.4213937092839196,55265.90369559126
kwiatek-19.png,kmedoids,16,0.4149124755991682,55522.73774350865
kwiatek-19.png,kmedoids,17,0.4054191827038358,54484.36554633991
kwiatek-19.png,kmedoids,18,0.40381812339507467,54425.82661274394
kwiatek-19.png,kmedoids,19,0.396843664575725,53973.35382660156
kwiatek-19.png,kmedoids,20,0.395525630539753,53885.21749674102
kwiatek-2.png,kmeans,5,0.5208595203755715,42067.56649422009
kwiatek-2.png,kmeans,6,0.48545933620397436,41437.243376897946
kwiatek-2.png,kmeans,7,0.48239273165929414,42445.17400898465
kwiatek-2.png,kmeans,8,0.46901099546390884,42319.293739548186
kwiatek-2.png,kmeans,9,0.4543323979286577,41233.50067160271
kwiatek-2.png,kmeans,10,0.45141682110772463,40928.61011942248
kwiatek-2.png,kmeans,11,0.4369696060685734,40321.30671044763
kwiatek-2.png,kmeans,12,0.4344000019185296,40782.04510499192
kwiatek-2.png,kmeans,13,0.407224916637493,40129.13821898467
kwiatek-2.png,kmeans,14,0.3957665565899936,39758.80527974542
kwiatek-2.png,kmeans,15,0.392209985872248,39411.30533215088
kwiatek-2.png,kmeans,16,0.390195375463943,39174.338481248575
kwiatek-2.png,kmeans,17,0.3826212089450685,38699.01082889973
kwiatek-2.png,kmeans,18,0.38307443594922563,38749.3593581065
kwiatek-2.png,kmeans,19,0.38147722017909846,38924.57838265154
kwiatek-2.png,kmeans,20,0.38123177103600814,38891.38308773445
kwiatek-2.png,kmedoids,5,0.5117893554906514,41354.765426424834
kwiatek-2.png,kmedoids,6,0.48407765758466825,41107.47748847147
kwiatek-2.png,kmedoids,7,0.4574192463075911,40605.20250320853
kwiatek-2.png,kmedoids,8,0.44488219565331716,40476.91594612533
kwiatek-2.png,kmedoids,9,0.43874635609441964,40232.823824096544
kwiatek-2.png,kmedoids,10,0.3961448199252885,39597.758111980904
kwiatek-2.png,kmedoids,11,0.3905152279148364,38926.585789077864
kwiatek-2.png,kmedoids,12,0.3828728779436456,38254.309225346646
kwiatek-2.png,kmedoids,13,0.3776447443414631,37883.20578925152
kwiatek-2.png,kmedoids,14,0.3718702600056904,37788.33945134063
kwiatek-2.png,kmedoids,15,0.3650783794200985,37845.756797519454
kwiatek-2.png,kmedoids,16,0.36263147208408875,37585.81715091821
kwiatek-2.png,kmedoids,17,0.35920202730368717,37744.454370986656
kwiatek-2.png,kmedoids,18,0.35590247717583906,37477.076352993805
kwiatek-2.png,kmedoids,19,0.3542196899329851,37526.65753087041
kwiatek-2.png,kmedoids,20,0.35026150965018055,37281.0623244642
kwiatek-20.png,kmeans,5,0.5073317860850096,19428.494369096028
kwiatek-20.png,kmeans,6,0.48950976494174225,18117.150643279783
kwiatek-20.png,kmeans,7,0.46834503278497774,17846.61596005713
kwiatek-20.png,kmeans,8,0.4737942133054832,17648.268843364236
kwiatek-20.png,kmeans,9,0.44962478819406576,18475.763379666827
kwiatek-20.png,kmeans,10,0.4583251707349202,18752.575312583693
kwiatek-20.png,kmeans,11,0.4683052314705803,19175.30166230142
kwiatek-20.png,kmeans,12,0.4609413704091832,19071.280628285407
kwiatek-20.png,kmeans,13,0.4632085388187329,20529.488327913037
kwiatek-20.png,kmeans,14,0.4436544466389235,20136.06455372702
kwiatek-20.png,kmeans,15,0.4392876729651669,20080.708636145886
kwiatek-20.png,kmeans,16,0.42302779782589306,19859.306814982858
kwiatek-20.png,kmeans,17,0.4135604519115727,19599.80505577392
kwiatek-20.png,kmeans,18,0.4107700096941862,19139.28511049302
kwiatek-20.png,kmeans,19,0.40861627270235584,19163.75074914165
kwiatek-20.png,kmeans,20,0.40096432475455196,19060.286434063943
kwiatek-20.png,kmedoids,5,0.4852673706065935,19354.15064756656
kwiatek-20.png,kmedoids,6,0.44153892871290656,18011.4494023701
kwiatek-20.png,kmedoids,7,0.4395742873858917,17865.381193245914
kwiatek-20.png,kmedoids,8,0.4294753332915013,17640.76788080962
kwiatek-20.png,kmedoids,9,0.44251515326991864,18586.33127571894
kwiatek-20.png,kmedoids,10,0.44775770274583254,18877.672155754233
kwiatek-20.png,kmedoids,11,0.4576254879480771,19629.963509726334
kwiatek-20.png,kmedoids,12,0.4360490383502609,19622.639958530443
kwiatek-20.png,kmedoids,13,0.43005280505467774,19520.433868785574
kwiatek-20.png,kmedoids,14,0.4230220677657173,19826.317452877498
kwiatek-20.png,kmedoids,15,0.4099299023881284,19421.783679996563
kwiatek-20.png,kmedoids,16,0.40082205639280144,19153.704574373834
kwiatek-20.png,kmedoids,17,0.39147426379795053,18728.43898788987
kwiatek-20.png,kmedoids,18,0.3869325613448284,18931.50563007813
kwiatek-20.png,kmedoids,19,0.38232617578168987,18693.470122277016
kwiatek-20.png,kmedoids,20,0.378014352991645,18538.56397033012
kwiatek-21.png,kmeans,5,0.7100679571241357,63055.84328717847
kwiatek-21.png,kmeans,6,0.6704574690145806,58648.157898322774
kwiatek-21.png,kmeans,7,0.6341960124865831,58922.77243456793
kwiatek-21.png,kmeans,8,0.6061224734643264,59224.27857051573
kwiatek-21.png,kmeans,9,0.6012773239551609,60306.06283732323
kwiatek-21.png,kmeans,10,0.5857461655476406,61780.00858709267
kwiatek-21.png,kmeans,11,0.5825618639172044,61394.89601435531
kwiatek-21.png,kmeans,12,0.5820722933328508,61269.03310641313
kwiatek-21.png,kmeans,13,0.581298989882387,59863.997861199474
kwiatek-21.png,kmeans,14,0.5752444329506817,61242.94403674164
kwiatek-21.png,kmeans,15,0.5707340874852276,61271.28583188064
kwiatek-21.png,kmeans,16,0.568095138866065,61585.8701198414
kwiatek-21.png,kmeans,17,0.5670484131962548,61943.37811019584
kwiatek-21.png,kmeans,18,0.5641136860326755,61493.56469804371
kwiatek-21.png,kmeans,19,0.5620721967907504,61455.668740491754
kwiatek-21.png,kmeans,20,0.5549746106415896,61600.132451318976
kwiatek-21.png,kmedoids,5,0.6912504832671333,60475.49451619061
kwiatek-21.png,kmedoids,6,0.616851148912317,58352.761151918945
kwiatek-21.png,kmedoids,7,0.5871207078406776,55062.73955719532
kwiatek-21.png,kmedoids,8,0.5749109812064077,56129.48693679647
kwiatek-21.png,kmedoids,9,0.5342217829118082,52015.89405379959
kwiatek-21.png,kmedoids,10,0.5078979510571828,48321.63847522186
kwiatek-21.png,kmedoids,11,0.4693668576696798,47947.68733719498
kwiatek-21.png,kmedoids,12,0.47959463847271533,52157.02218305442
kwiatek-21.png,kmedoids,13,0.4712477625211947,52675.206971725696
kwiatek-21.png,kmedoids,14,0.48144766515815746,53142.31999553769
kwiatek-21.png,kmedoids,15,0.47565162529775196,52957.9682052697
kwiatek-21.png,kmedoids,16,0.482112201071491,50978.86589666485
kwiatek-21.png,kmedoids,17,0.46788009597375535,51560.5060253205
kwiatek-21.png,kmedoids,18,0.45106800897024935,50336.0160968555
kwiatek-21.png,kmedoids,19,0.45615504300307935,53151.130679440175
kwiatek-21.png,kmedoids,20,0.44810077934161907,53422.777104811605
kwiatek-22.png,kmeans,5,0.44831381069475623,12130.794979186532
kwiatek-22.png,kmeans,6,0.4024761862177204,11497.915792300842
kwiatek-22.png,kmeans,7,0.39008500647539446,11362.38097878435
kwiatek-22.png,kmeans,8,0.38164103724197324,10949.923793429349
kwiatek-22.png,kmeans,9,0.3650982887909521,10623.538130150599
kwiatek-22.png,kmeans,10,0.3469182079150775,10382.876452177898
kwiatek-22.png,kmeans,11,0.34590654313045655,10229.260280379918
kwiatek-22.png,kmeans,12,0.3476995633707501,10073.245175797192
kwiatek-22.png,kmeans,13,0.3431207731742182,9979.64662168915
kwiatek-22.png,kmeans,14,0.342362487670948,9898.5101600261
kwiatek-22.png,kmeans,15,0.34773455185543406,9863.003618445246
kwiatek-22.png,kmeans,16,0.34391015647406326,9673.22647784046
kwiatek-22.png,kmeans,17,0.3450822664777623,9557.797606677754
kwiatek-22.png,kmeans,18,0.32863690510888993,9475.919171402982
kwiatek-22.png,kmeans,19,0.32501433616296477,9417.965667541439
kwiatek-22.png,kmeans,20,0.3259608008058216,9330.652551849085
kwiatek-22.png,kmedoids,5,0.34415389918215,11405.74092220451
kwiatek-22.png,kmedoids,6,0.34631289938904963,10888.090049335759
kwiatek-22.png,kmedoids,7,0.34195798514899894,11050.733592691631
kwiatek-22.png,kmedoids,8,0.30967107551419293,10000.257120543745
kwiatek-22.png,kmedoids,9,0.29675788468518843,9374.757279182833
kwiatek-22.png,kmedoids,10,0.28737086247344223,9011.340790922803
kwiatek-22.png,kmedoids,11,0.29561953083149695,9012.50875342755
kwiatek-22.png,kmedoids,12,0.2836851261350291,8690.776310111953
kwiatek-22.png,kmedoids,13,0.2867187732286079,8563.15292842531
kwiatek-22.png,kmedoids,14,0.28497471390735923,8480.102340336998
kwiatek-22.png,kmedoids,15,0.28953622017212766,8280.768468182332
kwiatek-22.png,kmedoids,16,0.28604074886787323,8095.33989290703
kwiatek-22.png,kmedoids,17,0.2851989902617092,7910.547826308856
kwiatek-22.png,kmedoids,18,0.2840692141718038,7656.386071131121
kwiatek-22.png,kmedoids,19,0.28797185732180763,7847.939136708499
kwiatek-22.png,kmedoids,20,0.28747487344201944,7739.80417955262
kwiatek-23.png,kmeans,5,0.48419649313555696,14664.338562743686
kwiatek-23.png,kmeans,6,0.4615690391719152,14184.607454061357
kwiatek-23.png,kmeans,7,0.45241249343011125,13886.816950368477
kwiatek-23.png,kmeans,8,0.448136012974797,13826.458974743082
kwiatek-23.png,kmeans,9,0.4404032707819452,13775.853816058783
kwiatek-23.png,kmeans,10,0.43135103143664244,13823.420021947357
kwiatek-23.png,kmeans,11,0.4235184329466404,13729.772370399889
kwiatek-23.png,kmeans,12,0.42091284368309934,13536.40380652128
kwiatek-23.png,kmeans,13,0.4136837549337825,13419.12531593809
kwiatek-23.png,kmeans,14,0.4059336422821794,13193.89856374168
kwiatek-23.png,kmeans,15,0.39699640084189003,12966.52962890335
kwiatek-23.png,kmeans,16,0.3939549096087468,12886.975082581555
kwiatek-23.png,kmeans,17,0.39463872327614175,12786.251341570078
kwiatek-23.png,kmeans,18,0.39737876664105604,12724.52802081806
kwiatek-23.png,kmeans,19,0.38686576258772687,12666.840530151803
kwiatek-23.png,kmeans,20,0.377520395058058,12642.341733684321
kwiatek-23.png,kmedoids,5,0.4787727573539617,14477.323868973797
kwiatek-23.png,kmedoids,6,0.43828172172210167,13580.6150387472
kwiatek-23.png,kmedoids,7,0.43691497101914506,13321.295130652336
kwiatek-23.png,kmedoids,8,0.43140182306885066,13698.134134118902
kwiatek-23.png,kmedoids,9,0.41229761567943746,13048.934819226013
kwiatek-23.png,kmedoids,10,0.39852309671383945,12928.170420302347
kwiatek-23.png,kmedoids,11,0.39484185116751247,13106.086959826585
kwiatek-23.png,kmedoids,12,0.3771888549708184,12837.62490903907
kwiatek-23.png,kmedoids,13,0.3704123803490111,12756.051929113843
kwiatek-23.png,kmedoids,14,0.36758422070648306,12578.84804911105
kwiatek-23.png,kmedoids,15,0.3614052283973813,12578.483037326074
kwiatek-23.png,kmedoids,16,0.35732873960610023,12396.465319897086
kwiatek-23.png,kmedoids,17,0.3515277568283547,12284.411899478426
kwiatek-23.png,kmedoids,18,0.35515825734700895,12296.389240070284
kwiatek-23.png,kmedoids,19,0.3444025413554613,12193.694974280705
kwiatek-23.png,kmedoids,20,0.3450694083673285,12214.84180628989
kwiatek-24.png,kmeans,5,0.6730671403861488,34042.17822861146
kwiatek-24.png,kmeans,6,0.675431464894368,40806.13922772779
kwiatek-24.png,kmeans,7,0.6552684964557575,41074.621720191426
kwiatek-24.png,kmeans,8,0.646257733629054,41931.298300342205
kwiatek-24.png,kmeans,9,0.6380996330346079,42565.80952031203
kwiatek-24.png,kmeans,10,0.6303022565554828,42523.376600618976
kwiatek-24.png,kmeans,11,0.6229417301042429,43521.850078861076
kwiatek-24.png,kmeans,12,0.6171155701880366,43713.97600118873
kwiatek-24.png,kmeans,13,0.6058193894429516,43215.99021723645
kwiatek-24.png,kmeans,14,0.6009369559818059,43293.38379167886
kwiatek-24.png,kmeans,15,0.5944277350082572,42449.37002006673
kwiatek-24.png,kmeans,16,0.589562021776777,42598.67652524683
kwiatek-24.png,kmeans,17,0.5684505639537385,42586.72717891807
kwiatek-24.png,kmeans,18,0.5523992424379651,42052.21967671749
kwiatek-24.png,kmeans,19,0.5352151925736606,41844.69373490909
kwiatek-24.png,kmeans,20,0.5171996041319228,41800.2755948478
kwiatek-24.png,kmedoids,5,0.6461400066033451,30260.44284329021
kwiatek-24.png,kmedoids,6,0.6764150807737349,40693.20950707963
kwiatek-24.png,kmedoids,7,0.6556943690065781,41102.94388568758
kwiatek-24.png,kmedoids,8,0.6388751064594143,41035.92919190482
kwiatek-24.png,kmedoids,9,0.6275590387609282,41857.8198789188
kwiatek-24.png,kmedoids,10,0.5262628236141297,39715.990117714005
kwiatek-24.png,kmedoids,11,0.4912344391411092,40416.34488839492
kwiatek-24.png,kmedoids,12,0.48068783461078957,40240.35750016832
kwiatek-24.png,kmedoids,13,0.4438843359643288,39806.28480020496
kwiatek-24.png,kmedoids,14,0.4385517599488146,39161.02079003419
kwiatek-24.png,kmedoids,15,0.4319850323757555,39441.38011326034
kwiatek-24.png,kmedoids,16,0.43519531140728224,40407.380021286765
kwiatek-24.png,kmedoids,17,0.4302690455487618,40140.6459858217
kwiatek-24.png,kmedoids,18,0.43878303678324154,40967.723573812735
kwiatek-24.png,kmedoids,19,0.430839846433057,40684.094421523405
kwiatek-24.png,kmedoids,20,0.41777185993281307,39955.39566798854
kwiatek-25.png,kmeans,5,0.6500579773489171,58503.141172962016
kwiatek-25.png,kmeans,6,0.6366085148638878,59153.20358296249
kwiatek-25.png,kmeans,7,0.6295876472539994,60531.70779699595
kwiatek-25.png,kmeans,8,0.6221251819272092,60165.23135392366
kwiatek-25.png,kmeans,9,0.6181733149326296,64890.36901125506
kwiatek-25.png,kmeans,10,0.6184371534209927,66260.17512658588
kwiatek-25.png,kmeans,11,0.615064979288303,68409.62174674081
kwiatek-25.png,kmeans,12,0.6217408549106691,73368.33127644093
kwiatek-25.png,kmeans,13,0.6199286661503883,74347.45779422864
kwiatek-25.png,kmeans,14,0.6087088113006673,74419.13573657202
kwiatek-25.png,kmeans,15,0.6040961025430277,74983.79984212205
kwiatek-25.png,kmeans,16,0.6034040089711283,74682.03838767142
kwiatek-25.png,kmeans,17,0.591041919917058,75274.67808400479
kwiatek-25.png,kmeans,18,0.5677994955053529,77134.72440006757
kwiatek-25.png,kmeans,19,0.5667260252725667,76711.77313984689
kwiatek-25.png,kmeans,20,0.5572372458389048,78166.84616351842
kwiatek-25.png,kmedoids,5,0.629371395286155,57450.87047062962
kwiatek-25.png,kmedoids,6,0.6011944486371034,53875.3281697256
kwiatek-25.png,kmedoids,7,0.5933850901863496,53617.59859072235
kwiatek-25.png,kmedoids,8,0.5940018214476852,58296.78786608268
kwiatek-25.png,kmedoids,9,0.6009220295008776,58862.987240332746
kwiatek-25.png,kmedoids,10,0.6061150076734433,59766.794305054515
kwiatek-25.png,kmedoids,11,0.5782448057255986,58673.67292882009
kwiatek-25.png,kmedoids,12,0.5429079671110462,58711.69603852113
kwiatek-25.png,kmedoids,13,0.5432643872235937,56831.81657965225
kwiatek-25.png,kmedoids,14,0.5019349320453921,58552.198673254534
kwiatek-25.png,kmedoids,15,0.48753596324821347,57831.11684690078
kwiatek-25.png,kmedoids,16,0.47492618482285637,56426.58955769984
kwiatek-25.png,kmedoids,17,0.4622153451631295,56004.06013646864
kwiatek-25.png,kmedoids,18,0.46565641139507064,54551.96906845948
kwiatek-25.png,kmedoids,19,0.46898632948346164,63243.06778182431
kwiatek-25.png,kmedoids,20,0.45373095963001164,61007.319750245006
kwiatek-26.png,kmeans,5,0.630810088240412,33941.71004773697
kwiatek-26.png,kmeans,6,0.5865142250529789,35019.744481898684
kwiatek-26.png,kmeans,7,0.5809621489745019,35781.81272443917
kwiatek-26.png,kmeans,8,0.5457405487486785,36620.4285515617
kwiatek-26.png,kmeans,9,0.5258917479274,36211.86595070768
kwiatek-26.png,kmeans,10,0.5279983256043774,37994.93985348436
kwiatek-26.png,kmeans,11,0.5151877879291611,38899.048359312976
kwiatek-26.png,kmeans,12,0.5075325912224112,39399.19588591134
kwiatek-26.png,kmeans,13,0.5052525321569037,39306.294215371
kwiatek-26.png,kmeans,14,0.5073349236420327,40524.2749417215
kwiatek-26.png,kmeans,15,0.4992827987647569,39792.375720946446
kwiatek-26.png,kmeans,16,0.4879122372610848,39527.497837215386
kwiatek-26.png,kmeans,17,0.48437189927232344,39463.325095239146
kwiatek-26.png,kmeans,18,0.48327293740391813,39746.941121813594
kwiatek-26.png,kmeans,19,0.48046062546709045,40035.574839629175
kwiatek-26.png,kmeans,20,0.4777238985374833,39901.58132382908
kwiatek-26.png,kmedoids,5,0.6563990293511209,34803.802132077384
kwiatek-26.png,kmedoids,6,0.5761596123433345,35605.318480411035
kwiatek-26.png,kmedoids,7,0.5348541002203406,33638.29960465866
kwiatek-26.png,kmedoids,8,0.49770309826212056,34695.90671524593
kwiatek-26.png,kmedoids,9,0.47779460790131123,35579.388760687914
kwiatek-26.png,kmedoids,10,0.48189756554802565,36610.911345425135
kwiatek-26.png,kmedoids,11,0.4787132974208467,36873.9309850819
kwiatek-26.png,kmedoids,12,0.47597882097835864,37423.79683253773
kwiatek-26.png,kmedoids,13,0.4676332924879694,38201.74568419231
kwiatek-26.png,kmedoids,14,0.4691022754894402,38296.95328694869
kwiatek-26.png,kmedoids,15,0.44710603670396454,37870.87649058017
kwiatek-26.png,kmedoids,16,0.4404575003293075,37771.70572815118
kwiatek-26.png,kmedoids,17,0.438837736746921,38117.2608736258
kwiatek-26.png,kmedoids,18,0.43248373412116214,37849.91164114715
kwiatek-26.png,kmedoids,19,0.4300026100875744,38656.971317790514
kwiatek-26.png,kmedoids,20,0.4188986527047371,38087.31820196353
kwiatek-27.png,kmeans,5,0.6586650355464401,26471.345310947974
kwiatek-27.png,kmeans,6,0.6323937993929597,26528.847498165756
kwiatek-27.png,kmeans,7,0.6298311063537968,26832.416802794025
kwiatek-27.png,kmeans,8,0.6260801475364162,28458.873679577307
kwiatek-27.png,kmeans,9,0.6175754914065938,28670.419930632303
kwiatek-27.png,kmeans,10,0.6110578379071916,29050.471506775968
kwiatek-27.png,kmeans,11,0.608192514644945,29654.260552285647
kwiatek-27.png,kmeans,12,0.6008592265160518,29409.667976090375
kwiatek-27.png,kmeans,13,0.5921025297805461,29891.471653958986
kwiatek-27.png,kmeans,14,0.5907650329980931,29892.33150666045
kwiatek-27.png,kmeans,15,0.5797710369102077,31009.610201871285
kwiatek-27.png,kmeans,16,0.5728591958627025,30922.465791109764
kwiatek-27.png,kmeans,17,0.570666263473983,30990.64255336927
kwiatek-27.png,kmeans,18,0.5565601116701628,31074.702843692572
kwiatek-27.png,kmeans,19,0.555348593695752,31040.400102088963
kwiatek-27.png,kmeans,20,0.5517589794493302,30546.67238852983
kwiatek-27.png,kmedoids,5,0.6024156529399802,23793.05662049377
kwiatek-27.png,kmedoids,6,0.5941089142365751,24852.662981703535
kwiatek-27.png,kmedoids,7,0.5674389372863438,23484.00147592059
kwiatek-27.png,kmedoids,8,0.5741355783567923,24321.935873948874
kwiatek-27.png,kmedoids,9,0.546389320836406,24695.530922654387
kwiatek-27.png,kmedoids,10,0.5130064706643604,24366.479735964764
kwiatek-27.png,kmedoids,11,0.4689555688109771,24200.98660692988
kwiatek-27.png,kmedoids,12,0.4726768728121396,26629.174351214297
kwiatek-27.png,kmedoids,13,0.4744607724531112,28632.33290416114
kwiatek-27.png,kmedoids,14,0.4675321517024459,27807.07666228539
kwiatek-27.png,kmedoids,15,0.4583777268101369,27250.60723537486
kwiatek-27.png,kmedoids,16,0.452662990428346,27254.09272400458
kwiatek-27.png,kmedoids,17,0.44466227519739904,26773.957114851793
kwiatek-27.png,kmedoids,18,0.4452969122414979,27866.275846888377
kwiatek-27.png,kmedoids,19,0.44306790081310765,27844.811227054335
kwiatek-27.png,kmedoids,20,0.44442142746629676,27945.201652396692
kwiatek-28.png,kmeans,5,0.5613687258708486,19104.869199802433
kwiatek-28.png,kmeans,6,0.5396297190862381,19086.94804211405
kwiatek-28.png,kmeans,7,0.5122315369719816,18676.913277905693
kwiatek-28.png,kmeans,8,0.4815337449865239,18685.073354089698
kwiatek-28.png,kmeans,9,0.476154228002862,18852.272563220984
kwiatek-28.png,kmeans,10,0.46479444822478355,18998.189734615327
kwiatek-28.png,kmeans,11,0.4593285243863834,19471.92990097541
kwiatek-28.png,kmeans,12,0.45611041043474315,19486.870961075358
kwiatek-28.png,kmeans,13,0.4497290156986608,18994.731542452915
kwiatek-28.png,kmeans,14,0.4450565295151436,19644.9546125724
kwiatek-28.png,kmeans,15,0.4433277939124978,19377.81924867089
kwiatek-28.png,kmeans,16,0.4392692492725468,19583.741266107965
kwiatek-28.png,kmeans,17,0.43360788389596766,19549.385971222186
kwiatek-28.png,kmeans,18,0.43255908529927584,19603.963464523527
kwiatek-28.png,kmeans,19,0.4315091417765758,19585.652887894717
kwiatek-28.png,kmeans,20,0.43206813056016974,19668.86455469004
kwiatek-28.png,kmedoids,5,0.5045828016706868,16671.191436275654
kwiatek-28.png,kmedoids,6,0.4607280495796031,16745.99323618749
kwiatek-28.png,kmedoids,7,0.46876457709310904,17977.73194944763
kwiatek-28.png,kmedoids,8,0.46083814463303474,17778.250799264788
kwiatek-28.png,kmedoids,9,0.45312668502656483,17358.00047641617
kwiatek-28.png,kmedoids,10,0.4534554766318424,18177.290283280607
kwiatek-28.png,kmedoids,11,0.4511771513676348,18646.197955786723
kwiatek-28.png,kmedoids,12,0.43896509925776606,18366.65820347641
kwiatek-28.png,kmedoids,13,0.4366090672875284,18470.44405668162
kwiatek-28.png,kmedoids,14,0.43332577090396257,18684.672569040293
kwiatek-28.png,kmedoids,15,0.42067998606927465,17945.44427898441
kwiatek-28.png,kmedoids,16,0.4183624261010365,18285.237632510703
kwiatek-28.png,kmedoids,17,0.42189310617749715,18464.263180435395
kwiatek-28.png,kmedoids,18,0.4153568648524182,18119.886781416706
kwiatek-28.png,kmedoids,19,0.41909912221987033,18505.32468554787
kwiatek-28.png,kmedoids,20,0.4147183470636316,18417.836746014073
kwiatek-29.png,kmeans,5,0.5669415004688956,27211.44193704038
kwiatek-29.png,kmeans,6,0.5803990073137512,28850.169376135484
kwiatek-29.png,kmeans,7,0.5764118865224326,30358.4087383545
kwiatek-29.png,kmeans,8,0.551266731233138,31148.67686053505
kwiatek-29.png,kmeans,9,0.5131407111981223,31034.636389720887
kwiatek-29.png,kmeans,10,0.49979879794411525,30973.66941627761
kwiatek-29.png,kmeans,11,0.47279969417073564,30241.74541718515
kwiatek-29.png,kmeans,12,0.4729053851143594,30357.42484282185
kwiatek-29.png,kmeans,13,0.45880653721457215,30826.761359815544
kwiatek-29.png,kmeans,14,0.44057296279139607,30728.041172103713
kwiatek-29.png,kmeans,15,0.44450392700758784,30340.534409946664
kwiatek-29.png,kmeans,16,0.4299466131124524,29516.555323093293
kwiatek-29.png,kmeans,17,0.42122801831932283,29623.31430908448
kwiatek-29.png,kmeans,18,0.41637577431947054,29593.583168081863
kwiatek-29.png,kmeans,19,0.41879036902816685,29598.63714954447
kwiatek-29.png,kmeans,20,0.42195990130090877,29601.40316382029
kwiatek-29.png,kmedoids,5,0.5569907135059378,25918.432064400167
kwiatek-29.png,kmedoids,6,0.5723412198957327,28659.653143548687
kwiatek-29.png,kmedoids,7,0.5467717905731806,28353.866088577557
kwiatek-29.png,kmedoids,8,0.524426660374485,30320.46058345394
kwiatek-29.png,kmedoids,9,0.43609131251274036,29648.41269790349
kwiatek-29.png,kmedoids,10,0.4204977104480011,28350.7939735162
kwiatek-29.png,kmedoids,11,0.4149094624937929,29093.11316169094
kwiatek-29.png,kmedoids,12,0.41158664472797335,28743.106224010746
kwiatek-29.png,kmedoids,13,0.4033219007903133,28182.73638687929
kwiatek-29.png,kmedoids,14,0.4077214529878366,27871.51121320664
kwiatek-29.png,kmedoids,15,0.39903093614456564,27783.266613447922
kwiatek-29.png,kmedoids,16,0.3909813253382814,28249.363113121035
kwiatek-29.png,kmedoids,17,0.38825701837136267,27671.03016561061
kwiatek-29.png,kmedoids,18,0.39183996604239635,26735.363834225554
kwiatek-29.png,kmedoids,19,0.3898878579246709,27372.573403804843
kwiatek-29.png,kmedoids,20,0.39017618926142006,27583.16156671466
kwiatek-3.png,kmeans,5,0.6183648546482634,50096.94599624144
kwiatek-3.png,kmeans,6,0.6313873815990516,52727.765581020874
kwiatek-3.png,kmeans,7,0.6310819556537275,55249.33269509186
kwiatek-3.png,kmeans,8,0.5775654095635181,55679.30900169059
kwiatek-3.png,kmeans,9,0.5449802785149113,53678.60919454808
kwiatek-3.png,kmeans,10,0.524783772890002,55782.84457642834
kwiatek-3.png,kmeans,11,0.502720768476999,56611.4632886311
kwiatek-3.png,kmeans,12,0.5142966731965675,58162.39278202603
kwiatek-3.png,kmeans,13,0.5023265726744682,59319.899412777755
kwiatek-3.png,kmeans,14,0.5160035093718179,60717.58716452702
kwiatek-3.png,kmeans,15,0.5145613198291802,62185.59682610429
kwiatek-3.png,kmeans,16,0.5184494627175887,63437.330918319545
kwiatek-3.png,kmeans,17,0.5033631859995593,64039.331028933324
kwiatek-3.png,kmeans,18,0.5009548582080774,64921.82663504884
kwiatek-3.png,kmeans,19,0.5016174647486105,65911.58002155015
kwiatek-3.png,kmeans,20,0.500993148678029,65848.26773304027
kwiatek-3.png,kmedoids,5,0.6220575917002211,51907.427710686716
kwiatek-3.png,kmedoids,6,0.4712002310178587,45852.9171847919
kwiatek-3.png,kmedoids,7,0.47742071923955026,45482.79835040217
kwiatek-3.png,kmedoids,8,0.49314512138440464,49198.45192754069
kwiatek-3.png,kmedoids,9,0.4997741856885035,57816.0777384897
kwiatek-3.png,kmedoids,10,0.487996150673547,55461.19208287135
kwiatek-3.png,kmedoids,11,0.4955185781390733,54658.38809063825
kwiatek-3.png,kmedoids,12,0.47981951944025364,54051.9107115765
kwiatek-3.png,kmedoids,13,0.4750147839872228,54182.01361218958
kwiatek-3.png,kmedoids,14,0.4691441362786072,53780.07815709202
kwiatek-3.png,kmedoids,15,0.455310728532214,52650.073253667084
kwiatek-3.png,kmedoids,16,0.4110608496817611,50461.505080800525
kwiatek-3.png,kmedoids,17,0.4114934428541595,51009.014311742896
kwiatek-3.png,kmedoids,18,0.410609147124181,51527.534167729194
kwiatek-3.png,kmedoids,19,0.41636781316821503,53467.41617982951
kwiatek-3.png,kmedoids,20,0.43228726871980694,60397.20182549333
kwiatek-30.png,kmeans,5,0.4855206292894959,15530.81169897836
kwiatek-30.png,kmeans,6,0.45847195407495256,16628.291891159904
kwiatek-30.png,kmeans,7,0.4614357448544203,16966.7805060978
kwiatek-30.png,kmeans,8,0.46177255931165406,18227.124571573306
kwiatek-30.png,kmeans,9,0.4398825326172381,18469.668175236613
kwiatek-30.png,kmeans,10,0.42075016399299836,18030.323459067127
kwiatek-30.png,kmeans,11,0.4139673728450776,17462.247942333313
kwiatek-30.png,kmeans,12,0.40435280252819583,17276.077227371774
kwiatek-30.png,kmeans,13,0.4006216380061075,17222.36641690886
kwiatek-30.png,kmeans,14,0.39508944818689534,16965.597745811967
kwiatek-30.png,kmeans,15,0.38848396552126785,16790.475620414458
kwiatek-30.png,kmeans,16,0.3927739666165783,16887.927038893602
kwiatek-30.png,kmeans,17,0.3904120874393632,16751.396799457947
kwiatek-30.png,kmeans,18,0.39779659318953453,16889.552926318534
kwiatek-30.png,kmeans,19,0.4006709056939936,17041.786059014834
kwiatek-30.png,kmeans,20,0.40671312453182795,17391.618815285015
kwiatek-30.png,kmedoids,5,0.44431452930962284,13954.46964273029
kwiatek-30.png,kmedoids,6,0.42785831533764823,13414.85687391536
kwiatek-30.png,kmedoids,7,0.41979593285565286,14977.104375409817
kwiatek-30.png,kmedoids,8,0.40471067970830293,14818.383835498937
kwiatek-30.png,kmedoids,9,0.4010530037119754,15352.129593096537
kwiatek-30.png,kmedoids,10,0.38481513696356434,15473.893300007485
kwiatek-30.png,kmedoids,11,0.37956241805615487,16587.027463803905
kwiatek-30.png,kmedoids,12,0.36992878230905707,15810.994186729422
kwiatek-30.png,kmedoids,13,0.3714203786447098,15415.444577801807
kwiatek-30.png,kmedoids,14,0.3819911885920675,15354.031064116061
kwiatek-30.png,kmedoids,15,0.3709223041950474,15155.509487787946
kwiatek-30.png,kmedoids,16,0.3637025132327714,15242.422862123614
kwiatek-30.png,kmedoids,17,0.36113194368557916,15430.100050179297
kwiatek-30.png,kmedoids,18,0.3524255894311476,15214.476563470647
kwiatek-30.png,kmedoids,19,0.34769065778290786,15215.995947386506
kwiatek-30.png,kmedoids,20,0.3388018147986716,14932.273602866399
kwiatek-31.png,kmeans,5,0.49433777485682057,18652.961866812264
kwiatek-31.png,kmeans,6,0.48879482411065467,20422.20553238166
kwiatek-31.png,kmeans,7,0.47697248996163016,20777.934516584566
kwiatek-31.png,kmeans,8,0.4644986129238361,19892.045546850997
kwiatek-31.png,kmeans,9,0.46312353731492895,20588.987122086186
kwiatek-31.png,kmeans,10,0.45661311113914477,20390.995579821578
kwiatek-31.png,kmeans,11,0.4467219637096963,20079.97873865431
kwiatek-31.png,kmeans,12,0.44836776066059425,20170.904877400295
kwiatek-31.png,kmeans,13,0.4397119709032161,20364.615852621217
kwiatek-31.png,kmeans,14,0.4342606808523176,20438.510837716298
kwiatek-31.png,kmeans,15,0.4312633453007573,20357.399372783962
kwiatek-31.png,kmeans,16,0.4284275583169717,19981.541729322016
kwiatek-31.png,kmeans,17,0.4208615776384138,19727.347001209022
kwiatek-31.png,kmeans,18,0.4183293585174175,19558.61307750012
kwiatek-31.png,kmeans,19,0.4120974808995161,19365.68616527274
kwiatek-31.png,kmeans,20,0.4116858126814714,19306.51554165538
kwiatek-31.png,kmedoids,5,0.4719000165830393,17698.158650347585
kwiatek-31.png,kmedoids,6,0.46198129877057326,19196.898219671803
kwiatek-31.png,kmedoids,7,0.45853376131693324,19119.680990508547
kwiatek-31.png,kmedoids,8,0.44919747013366357,19620.046278437127
kwiatek-31.png,kmedoids,9,0.4427895301637337,19650.511000799463
kwiatek-31.png,kmedoids,10,0.43016465138999277,19746.15371946107
kwiatek-31.png,kmedoids,11,0.42146805139693155,19260.559333988098
kwiatek-31.png,kmedoids,12,0.4152323643853918,18861.07129463356
kwiatek-31.png,kmedoids,13,0.4139265567998057,18746.049619232705
kwiatek-31.png,kmedoids,14,0.41535934149877757,19012.424521349494
kwiatek-31.png,kmedoids,15,0.4139641251302425,19701.168790049225
kwiatek-31.png,kmedoids,16,0.40555393054171074,19273.836070652247
kwiatek-31.png,kmedoids,17,0.40892976197044506,19457.161237526718
kwiatek-31.png,kmedoids,18,0.401535293505486,18907.685093541786
kwiatek-31.png,kmedoids,19,0.3999489098045214,18837.431488521845
kwiatek-31.png,kmedoids,20,0.39253706680204664,18630.40375990501
kwiatek-32.png,kmeans,5,0.578158829817491,30022.854880941544
kwiatek-32.png,kmeans,6,0.5689258343137206,31936.248672715265
kwiatek-32.png,kmeans,7,0.5520319314777744,31836.07938175375
kwiatek-32.png,kmeans,8,0.5394031720795205,32096.50071801435
kwiatek-32.png,kmeans,9,0.5225493686793554,30875.900169751178
kwiatek-32.png,kmeans,10,0.5156235083375924,29748.695476424746
kwiatek-32.png,kmeans,11,0.523498697290875,29187.80262466355
kwiatek-32.png,kmeans,12,0.5167585785730984,28642.79318707569
kwiatek-32.png,kmeans,13,0.5123606775524956,28622.1886645347
kwiatek-32.png,kmeans,14,0.5053739819752444,28064.37705190275
kwiatek-32.png,kmeans,15,0.5076779304588426,28314.61010854596
kwiatek-32.png,kmeans,16,0.5075473933182051,28207.259119286413
kwiatek-32.png,kmeans,17,0.5035608102181116,27758.26492603003
kwiatek-32.png,kmeans,18,0.4983261441337873,27335.449840645877
kwiatek-32.png,kmeans,19,0.4979393949320281,27299.369434841552
kwiatek-32.png,kmeans,20,0.49129709327924465,26811.010599509453
kwiatek-32.png,kmedoids,5,0.5698436275569827,27809.525723868475
kwiatek-32.png,kmedoids,6,0.5543863788176663,29386.642588451163
kwiatek-32.png,kmedoids,7,0.5367482391703104,29402.353382727255
kwiatek-32.png,kmedoids,8,0.5200015426236982,29119.922361122874
kwiatek-32.png,kmedoids,9,0.5110353977781038,29887.61191625775
kwiatek-32.png,kmedoids,10,0.4778640054747837,28113.834493320166
kwiatek-32.png,kmedoids,11,0.36954710568723154,26637.437343596255
kwiatek-32.png,kmedoids,12,0.37693468624706733,26174.74339577264
kwiatek-32.png,kmedoids,13,0.374692573384437,25793.95286520967
kwiatek-32.png,kmedoids,14,0.3723533956816746,25593.752905187255
kwiatek-32.png,kmedoids,15,0.3663459171712695,25565.011395949667
kwiatek-32.png,kmedoids,16,0.3645896924039347,25273.68762314393
kwiatek-32.png,kmedoids,17,0.3616202560132825,25135.680344060507
kwiatek-32.png,kmedoids,18,0.3576950046781416,24685.349382272347
kwiatek-32.png,kmedoids,19,0.3586928512798778,25502.05861655293
kwiatek-32.png,kmedoids,20,0.3598836639547548,24792.125174226858
kwiatek-33.png,kmeans,5,0.5455432367437631,66523.77870624776
kwiatek-33.png,kmeans,6,0.5199188762685502,73109.28251891458
kwiatek-33.png,kmeans,7,0.49216826753151216,73431.13705342714
kwiatek-33.png,kmeans,8,0.4895208671843553,76846.87682615782
kwiatek-33.png,kmeans,9,0.4849998683051817,76666.70995470218
kwiatek-33.png,kmeans,10,0.46797705239099463,77659.18744195058
kwiatek-33.png,kmeans,11,0.457951626726541,79166.4441982725
kwiatek-33.png,kmeans,12,0.4502796586359968,81551.3327579253
kwiatek-33.png,kmeans,13,0.4501339708542681,82907.90928008538
kwiatek-33.png,kmeans,14,0.4520955682067709,85872.01329147101
kwiatek-33.png,kmeans,15,0.4441746574949657,86754.01866450268
kwiatek-33.png,kmeans,16,0.44056110032714263,87902.41502985549
kwiatek-33.png,kmeans,17,0.43280212251494043,88059.12551667994
kwiatek-33.png,kmeans,18,0.4304259166641522,88266.76561897251
kwiatek-33.png,kmeans,19,0.42808472313036255,89087.79829477273
kwiatek-33.png,kmeans,20,0.4242146216371806,88882.77501385166
kwiatek-33.png,kmedoids,5,0.5401613566495993,69477.3297615852
kwiatek-33.png,kmedoids,6,0.5227165606121467,75625.12566637076
kwiatek-33.png,kmedoids,7,0.5120861861820456,76521.66251651097
kwiatek-33.png,kmedoids,8,0.49352557822263743,74676.80567067189
kwiatek-33.png,kmedoids,9,0.4689464716631962,77132.12135636085
kwiatek-33.png,kmedoids,10,0.46186089158060595,76155.29449089635
kwiatek-33.png,kmedoids,11,0.44949175415479764,78184.02282531201
kwiatek-33.png,kmedoids,12,0.4401400111852973,77059.1272589936
kwiatek-33.png,kmedoids,13,0.4306336515792621,76850.27722782819
kwiatek-33.png,kmedoids,14,0.4237344379449941,76537.75829703301
kwiatek-33.png,kmedoids,15,0.4144015895234814,75884.4531694258
kwiatek-33.png,kmedoids,16,0.4056422255783672,76667.65812924659
kwiatek-33.png,kmedoids,17,0.40567059057389965,77916.08421752175
kwiatek-33.png,kmedoids,18,0.4081028498719057,80738.3812795341
kwiatek-33.png,kmedoids,19,0.41000194852132693,85479.16948617954
kwiatek-33.png,kmedoids,20,0.4056428180274903,84528.29791083415
kwiatek-34.png,kmeans,5,0.5006910516434587,14356.7320501348
kwiatek-34.png,kmeans,6,0.5003247780874395,16477.07126649461
kwiatek-34.png,kmeans,7,0.49742341376644134,18083.239027099324
kwiatek-34.png,kmeans,8,0.4856631911265362,18734.148034231537
kwiatek-34.png,kmeans,9,0.4738660674238727,18221.877325587982
kwiatek-34.png,kmeans,10,0.457687285000793,18357.179011931654
kwiatek-34.png,kmeans,11,0.449732493104363,18038.753990768157
kwiatek-34.png,kmeans,12,0.4429692333019267,17861.64768298396
kwiatek-34.png,kmeans,13,0.4332681362782441,17511.64296904187
kwiatek-34.png,kmeans,14,0.428863125282885,17368.99312429661
kwiatek-34.png,kmeans,15,0.4270866330784072,17178.443939903973
kwiatek-34.png,kmeans,16,0.4238441529204232,16929.025261534785
kwiatek-34.png,kmeans,17,0.41903211237380134,17152.215962835013
kwiatek-34.png,kmeans,18,0.4122459191431833,17286.13788372154
kwiatek-34.png,kmeans,19,0.4060347891914205,17231.27001729626
kwiatek-34.png,kmeans,20,0.4048141385832273,17135.165203109056
kwiatek-34.png,kmedoids,5,0.45824008184999326,12263.146205626754
kwiatek-34.png,kmedoids,6,0.4937121067428264,16679.807597847936
kwiatek-34.png,kmedoids,7,0.46337253958493274,16400.878464236514
kwiatek-34.png,kmedoids,8,0.46704658179381947,18651.900575639007
kwiatek-34.png,kmedoids,9,0.45841827481074243,18285.724344171253
kwiatek-34.png,kmedoids,10,0.4473947832985307,18263.165596233557
kwiatek-34.png,kmedoids,11,0.4363357867940606,17923.665219464263
kwiatek-34.png,kmedoids,12,0.4267833872384331,17555.270375608216
kwiatek-34.png,kmedoids,13,0.41115586206840293,17066.872109194817
kwiatek-34.png,kmedoids,14,0.40056477751285335,16942.757053992267
kwiatek-34.png,kmedoids,15,0.38667002428220265,16825.40644934083
kwiatek-34.png,kmedoids,16,0.37829418851368357,16674.207854323147
kwiatek-34.png,kmedoids,17,0.37619101366608737,16882.33459046448
kwiatek-34.png,kmedoids,18,0.3702943128043076,16765.55930830309
kwiatek-34.png,kmedoids,19,0.36988415468509844,16636.905252565586
kwiatek-34.png,kmedoids,20,0.36664383675374335,16397.8529052409
kwiatek-35.png,kmeans,5,0.5113404303812724,28562.920906135154
kwiatek-35.png,kmeans,6,0.4846495569340056,30611.444031338073
kwiatek-35.png,kmeans,7,0.5079688681086998,34470.84270020375
kwiatek-35.png,kmeans,8,0.4937437982433267,36963.313181646925
kwiatek-35.png,kmeans,9,0.4737454816678377,38613.47482807221
kwiatek-35.png,kmeans,10,0.439772826425252,40114.67605419526
kwiatek-35.png,kmeans,11,0.41225001719461274,40310.64116131419
kwiatek-35.png,kmeans,12,0.4000202927837998,40227.21151450657
kwiatek-35.png,kmeans,13,0.40030730995580355,39587.40457081854
kwiatek-35.png,kmeans,14,0.3955992421001179,39671.86769625022
kwiatek-35.png,kmeans,15,0.3879870359201714,39998.44928117874
kwiatek-35.png,kmeans,16,0.37801988080192794,40183.6035753592
kwiatek-35.png,kmeans,17,0.37202563150435614,40365.9321193995
kwiatek-35.png,kmeans,18,0.3722777327167604,40349.29976974669
kwiatek-35.png,kmeans,19,0.37100278987853036,40740.07176098133
kwiatek-35.png,kmeans,20,0.37536666262851065,41528.67537277454
kwiatek-35.png,kmedoids,5,0.4624538685623496,19887.694711375992
kwiatek-35.png,kmedoids,6,0.49359702187823096,21872.641317452584
kwiatek-35.png,kmedoids,7,0.4989576971244519,33365.454828043235
kwiatek-35.png,kmedoids,8,0.4527838438029602,34192.38914420727
kwiatek-35.png,kmedoids,9,0.43658407205369115,36339.95335262155
kwiatek-35.png,kmedoids,10,0.4090846871687087,36279.83581439869
kwiatek-35.png,kmedoids,11,0.3946281822820256,37822.6639672391
kwiatek-35.png,kmedoids,12,0.381075999372356,38651.90176224515
kwiatek-35.png,kmedoids,13,0.3686261291922025,37483.5195317599
kwiatek-35.png,kmedoids,14,0.3713802266112564,36711.42035075106
kwiatek-35.png,kmedoids,15,0.37186889686433866,36732.07779696033
kwiatek-35.png,kmedoids,16,0.37640468666837446,37693.46284535407
kwiatek-35.png,kmedoids,17,0.37553876596117175,37466.63496599183
kwiatek-35.png,kmedoids,18,0.37260349064504955,37113.43858351851
kwiatek-35.png,kmedoids,19,0.37665607454330047,37833.46427309299
kwiatek-35.png,kmedoids,20,0.37181102179707837,37934.60279774753
kwiatek-36.png,kmeans,5,0.48172917936124493,16768.95099434438
kwiatek-36.png,kmeans,6,0.48763279376864715,19020.563969179966
kwiatek-36.png,kmeans,7,0.45230609868346017,18962.332201089037
kwiatek-36.png,kmeans,8,0.46322126305114225,20359.1547247551
kwiatek-36.png,kmeans,9,0.45693443309589715,21110.008579013833
kwiatek-36.png,kmeans,10,0.45007280244190834,21811.127247740606
kwiatek-36.png,kmeans,11,0.45146971549526704,22336.182783992903
kwiatek-36.png,kmeans,12,0.45709318930833015,22808.845225295947
kwiatek-36.png,kmeans,13,0.4541093854092872,23132.440048013737
kwiatek-36.png,kmeans,14,0.4543734018844348,22957.910982587546
kwiatek-36.png,kmeans,15,0.4515437522190693,22705.786331614414
kwiatek-36.png,kmeans,16,0.4487191148094145,22826.22322771309
kwiatek-36.png,kmeans,17,0.4516227005444852,23465.46667014846
kwiatek-36.png,kmeans,18,0.44899629405731867,23161.957346231262
kwiatek-36.png,kmeans,19,0.44448765856534084,23155.47253416721
kwiatek-36.png,kmeans,20,0.44452419855829406,23498.604091972258
kwiatek-36.png,kmedoids,5,0.3981279998052735,12591.86682016226
kwiatek-36.png,kmedoids,6,0.4026126275458767,11905.288738762649
kwiatek-36.png,kmedoids,7,0.42448564396212624,11800.764363933838
kwiatek-36.png,kmedoids,8,0.4369054889275545,13759.504589796232
kwiatek-36.png,kmedoids,9,0.4497079337562063,16591.996371175257
kwiatek-36.png,kmedoids,10,0.45294602594767985,20169.174369762244
kwiatek-36.png,kmedoids,11,0.45115443395259147,19768.816427742353
kwiatek-36.png,kmedoids,12,0.4627556542433899,21326.517925472137
kwiatek-36.png,kmedoids,13,0.45304277434682144,21258.071059221147
kwiatek-36.png,kmedoids,14,0.4412434870827955,20868.93690787814
kwiatek-36.png,kmedoids,15,0.4333361580751207,20746.68040840262
kwiatek-36.png,kmedoids,16,0.4332440513785992,21194.334740220773
kwiatek-36.png,kmedoids,17,0.43067451812272284,21103.90550869844
kwiatek-36.png,kmedoids,18,0.425130783847168,21048.02232014962
kwiatek-36.png,kmedoids,19,0.4224562160907704,21013.45632889556
kwiatek-36.png,kmedoids,20,0.4154406688304707,20671.206044219296
kwiatek-37.png,kmeans,5,0.8230427106576303,84672.77568496499
kwiatek-37.png,kmeans,6,0.806206518081164,80569.73511850156
kwiatek-37.png,kmeans,7,0.7729027836331146,82590.0566382568
kwiatek-37.png,kmeans,8,0.7127936105920584,83699.16408861641
kwiatek-37.png,kmeans,9,0.6936971162741787,84411.28983416638
kwiatek-37.png,kmeans,10,0.6858548286847386,84662.38726673057
kwiatek-37.png,kmeans,11,0.6865023731860813,83292.36969212528
kwiatek-37.png,kmeans,12,0.6872909475424263,84413.42794177483
kwiatek-37.png,kmeans,13,0.6622857918512408,85346.0679152087
kwiatek-37.png,kmeans,14,0.6072111608565139,84881.93272532361
kwiatek-37.png,kmeans,15,0.6099123040788055,85028.75230414866
kwiatek-37.png,kmeans,16,0.607997362212122,84336.52617222998
kwiatek-37.png,kmeans,17,0.5973667460270745,84466.76385587889
kwiatek-37.png,kmeans,18,0.5719403850538829,84220.58051249453
kwiatek-37.png,kmeans,19,0.5409932978418462,84694.21273720058
kwiatek-37.png,kmeans,20,0.5437182095731483,83570.96595446637
kwiatek-37.png,kmedoids,5,0.7601348297232301,74883.38982584984
kwiatek-37.png,kmedoids,6,0.5046667569007668,64494.35330547204
kwiatek-37.png,kmedoids,7,0.44315258350975323,72450.58843114444
kwiatek-37.png,kmedoids,8,0.46278961537120933,69278.42331060671
kwiatek-37.png,kmedoids,9,0.4987500942581507,65884.79351328462
kwiatek-37.png,kmedoids,10,0.5032903578793079,70171.25337359885
kwiatek-37.png,kmedoids,11,0.504464802799936,73971.45720314597
kwiatek-37.png,kmedoids,12,0.508395343846004,74866.36905870977
kwiatek-37.png,kmedoids,13,0.5201453501906331,71674.92918740264
kwiatek-37.png,kmedoids,14,0.529099477387632,72848.24497729717
kwiatek-37.png,kmedoids,15,0.5485659492419453,70106.01617198488
kwiatek-37.png,kmedoids,16,0.5475556972307226,72922.8457238239
kwiatek-37.png,kmedoids,17,0.5552688316615055,71604.52199429125
kwiatek-37.png,kmedoids,18,0.562592092112417,70777.7664947254
kwiatek-37.png,kmedoids,19,0.5660162678886701,70439.52345234923
kwiatek-37.png,kmedoids,20,0.5812391806322632,70262.70335084632
kwiatek-38.png,kmeans,5,0.5259680707478632,44744.26759589359
kwiatek-38.png,kmeans,6,0.48590784360050704,42918.78918914305
kwiatek-38.png,kmeans,7,0.4557141705610322,42063.8850248643
kwiatek-38.png,kmeans,8,0.44557238286015133,41164.63829620483
kwiatek-38.png,kmeans,9,0.44387380511069036,40087.79883328292
kwiatek-38.png,kmeans,10,0.433557952543082,40098.11046547898
kwiatek-38.png,kmeans,11,0.43835728205841223,42303.00509231686
kwiatek-38.png,kmeans,12,0.4319420678873305,42469.014711672564
kwiatek-38.png,kmeans,13,0.4318486501895939,43582.58791581403
kwiatek-38.png,kmeans,14,0.42476225750863295,44085.92867966682
kwiatek-38.png,kmeans,15,0.4226147675230484,44489.40006174611
kwiatek-38.png,kmeans,16,0.4144481213237201,44813.761240185515
kwiatek-38.png,kmeans,17,0.4145980925576894,45282.79900646822
kwiatek-38.png,kmeans,18,0.41329221453276477,45489.2643781649
kwiatek-38.png,kmeans,19,0.40921519618522567,44761.81659129612
kwiatek-38.png,kmeans,20,0.4065243058936452,44366.203752776295
kwiatek-38.png,kmedoids,5,0.43941043672543134,39974.08037281219
kwiatek-38.png,kmedoids,6,0.417900312607686,40200.57736678907
kwiatek-38.png,kmedoids,7,0.40455815562725783,39011.23220153329
kwiatek-38.png,kmedoids,8,0.3950335123454874,38282.77034932744
kwiatek-38.png,kmedoids,9,0.38838897528721933,36031.20974501996
kwiatek-38.png,kmedoids,10,0.38979865551658843,35981.61351311833
kwiatek-38.png,kmedoids,11,0.38583135920801254,35148.41776478199
kwiatek-38.png,kmedoids,12,0.38383771567726044,34716.31137331055
kwiatek-38.png,kmedoids,13,0.3809437149362907,35206.417400387865
kwiatek-38.png,kmedoids,14,0.3715455332846865,34247.81843280721
kwiatek-38.png,kmedoids,15,0.3631594898199148,33421.45035261267
kwiatek-38.png,kmedoids,16,0.362718497145989,34590.00111335817
kwiatek-38.png,kmedoids,17,0.36578697519941994,37708.6165562457
kwiatek-38.png,kmedoids,18,0.3604364735430446,38563.18661321001
kwiatek-38.png,kmedoids,19,0.3520739182808012,39449.26126415747
kwiatek-38.png,kmedoids,20,0.3501829496579936,39636.66658872583
kwiatek-39.png,kmeans,5,0.6506214041164673,26141.428640298072
kwiatek-39.png,kmeans,6,0.6341529192326071,27021.925142874697
kwiatek-39.png,kmeans,7,0.6292015249956392,27888.100953024998
kwiatek-39.png,kmeans,8,0.6284989509306895,28749.417953397486
kwiatek-39.png,kmeans,9,0.6291019770631789,28540.158836538692
kwiatek-39.png,kmeans,10,0.6227516094770211,28268.58283174173
kwiatek-39.png,kmeans,11,0.6298827914296409,29135.609721122903
kwiatek-39.png,kmeans,12,0.6169756569774435,29190.216006130642
kwiatek-39.png,kmeans,13,0.6103938876023329,29050.528167024208
kwiatek-39.png,kmeans,14,0.6108195764348865,28585.293529231334
kwiatek-39.png,kmeans,15,0.6114866393654068,28300.173061490357
kwiatek-39.png,kmeans,16,0.6081076601321576,28010.75781844335
kwiatek-39.png,kmeans,17,0.6017373229919734,27846.2676933267
kwiatek-39.png,kmeans,18,0.5977957495316872,27465.430580343374
kwiatek-39.png,kmeans,19,0.5999831631224211,26895.322505892273
kwiatek-39.png,kmeans,20,0.6010000552186894,27246.70622398628
kwiatek-39.png,kmedoids,5,0.6209717282506805,24711.05231739602
kwiatek-39.png,kmedoids,6,0.6226109136262373,26084.705373611407
kwiatek-39.png,kmedoids,7,0.6254824550859259,27304.553804215084
kwiatek-39.png,kmedoids,8,0.6385172072868102,26057.760206162275
kwiatek-39.png,kmedoids,9,0.6125629309368475,25048.125593464494
kwiatek-39.png,kmedoids,10,0.6088270604768315,26254.43959476652
kwiatek-39.png,kmedoids,11,0.5905502094892167,26193.973305805885
kwiatek-39.png,kmedoids,12,0.5822987822258405,25297.97357129979
kwiatek-39.png,kmedoids,13,0.5745771323674227,25271.73258535089
kwiatek-39.png,kmedoids,14,0.4884697513485188,23783.637857642734
kwiatek-39.png,kmedoids,15,0.488266968751532,24431.48570338547
kwiatek-39.png,kmedoids,16,0.4896160842209297,25847.797411191343
kwiatek-39.png,kmedoids,17,0.493159982207582,25475.350519295316
kwiatek-39.png,kmedoids,18,0.4976418085625389,25269.181005840474
kwiatek-39.png,kmedoids,19,0.5024528588977344,25198.20101153582
kwiatek-39.png,kmedoids,20,0.5083976920904058,25238.322823692848
kwiatek-4.png,kmeans,5,0.5632662576899262,25573.45272713367
kwiatek-4.png,kmeans,6,0.5286276949656575,25278.930798309622
kwiatek-4.png,kmeans,7,0.5169587098755926,25824.980686844872
kwiatek-4.png,kmeans,8,0.532912253370456,28753.251406346128
kwiatek-4.png,kmeans,9,0.5339340935999201,29693.26431353077
kwiatek-4.png,kmeans,10,0.5348887923109858,30126.51315990552
kwiatek-4.png,kmeans,11,0.5300237884023803,31052.066544778634
kwiatek-4.png,kmeans,12,0.5257712662469062,31464.569366821022
kwiatek-4.png,kmeans,13,0.5275845189888211,33035.98752172107
kwiatek-4.png,kmeans,14,0.522965001148911,32832.818906389846
kwiatek-4.png,kmeans,15,0.5167755446007706,32919.208446981516
kwiatek-4.png,kmeans,16,0.5131979701492938,33830.94909434525
kwiatek-4.png,kmeans,17,0.5032140437606666,33621.5549305376
kwiatek-4.png,kmeans,18,0.49562838648609037,33716.96953843861
kwiatek-4.png,kmeans,19,0.4889726400897552,33978.08313884938
kwiatek-4.png,kmeans,20,0.4802040592328588,34203.21007959475
kwiatek-4.png,kmedoids,5,0.49989319721792747,21596.210036763918
kwiatek-4.png,kmedoids,6,0.5142393120554074,22403.558994301253
kwiatek-4.png,kmedoids,7,0.520134765543638,24131.500601232787
kwiatek-4.png,kmedoids,8,0.5069249847397571,24013.92252804626
kwiatek-4.png,kmedoids,9,0.5073728429913121,23909.754975795317
kwiatek-4.png,kmedoids,10,0.507340403972383,24366.979311145213
kwiatek-4.png,kmedoids,11,0.5264883787633803,29758.503706195723
kwiatek-4.png,kmedoids,12,0.5162926375350281,29053.627574524835
kwiatek-4.png,kmedoids,13,0.5089763772581263,29127.070225993397
kwiatek-4.png,kmedoids,14,0.5056287866999949,29121.715456477483
kwiatek-4.png,kmedoids,15,0.5039932515329143,31115.845460799126
kwiatek-4.png,kmedoids,16,0.4778637512151877,30571.312072208395
kwiatek-4.png,kmedoids,17,0.4717914879862791,31908.642795535805
kwiatek-4.png,kmedoids,18,0.44932845448936665,31009.255111798167
kwiatek-4.png,kmedoids,19,0.43837880114376315,30786.90658694786
kwiatek-4.png,kmedoids,20,0.4414607833243581,30470.676155756497
kwiatek-40.png,kmeans,5,0.6341517852655133,19705.731409155494
kwiatek-40.png,kmeans,6,0.6354870413382329,21059.051240641867
kwiatek-40.png,kmeans,7,0.6146914160292056,22476.906613885665
kwiatek-40.png,kmeans,8,0.6129514926323507,22940.77661084475
kwiatek-40.png,kmeans,9,0.6172518878336634,23358.173428259022
kwiatek-40.png,kmeans,10,0.6047376699106272,23626.264655963194
kwiatek-40.png,kmeans,11,0.5778749283361969,23627.475234492973
kwiatek-40.png,kmeans,12,0.5807624340413169,24380.690836517417
kwiatek-40.png,kmeans,13,0.5767908024174176,24175.055619235503
kwiatek-40.png,kmeans,14,0.5661830913269865,24252.406287233673
kwiatek-40.png,kmeans,15,0.5643773416271541,24228.66056912956
kwiatek-40.png,kmeans,16,0.5513939268828704,24663.1998106997
kwiatek-40.png,kmeans,17,0.5331714453522404,24756.63774756701
kwiatek-40.png,kmeans,18,0.5219177266457209,25600.43330338391
kwiatek-40.png,kmeans,19,0.514318273810666,25755.981941328697
kwiatek-40.png,kmeans,20,0.5090125834521786,25716.68476287686
kwiatek-40.png,kmedoids,5,0.6456396132454234,20132.003561955386
kwiatek-40.png,kmedoids,6,0.6184164447607755,20295.075554220683
kwiatek-40.png,kmedoids,7,0.6071509881766759,22611.40091859556
kwiatek-40.png,kmedoids,8,0.6075211180581123,22736.64722149588
kwiatek-40.png,kmedoids,9,0.5176595803192903,21172.58231151651
kwiatek-40.png,kmedoids,10,0.5230438489562907,22584.317714250996
kwiatek-40.png,kmedoids,11,0.5109020837887119,22768.194024771346
kwiatek-40.png,kmedoids,12,0.49123545258939005,22437.838052955933
kwiatek-40.png,kmedoids,13,0.49736103567750617,23711.318651246853
kwiatek-40.png,kmedoids,14,0.4757298068889633,23058.30691129328
kwiatek-40.png,kmedoids,15,0.44755864537842394,22520.311229919454
kwiatek-40.png,kmedoids,16,0.4319093395258444,22475.836706453632
kwiatek-40.png,kmedoids,17,0.4415883633683035,23261.69866895429
kwiatek-40.png,kmedoids,18,0.43533449261042517,23503.77807317761
kwiatek-40.png,kmedoids,19,0.43114528980440114,23751.257472956895
kwiatek-40.png,kmedoids,20,0.43624889854007554,23718.939692600972
kwiatek-41.png,kmeans,5,0.5422875343460927,56504.00179337865
kwiatek-41.png,kmeans,6,0.5342546604301136,57874.785486455425
kwiatek-41.png,kmeans,7,0.5127027568820244,57558.52081996688
kwiatek-41.png,kmeans,8,0.519211146638693,60043.60292517592
kwiatek-41.png,kmeans,9,0.517809756822308,59430.58593454155
kwiatek-41.png,kmeans,10,0.5212729943334411,61070.330733921925
kwiatek-41.png,kmeans,11,0.5145344501539316,60841.172179287896
kwiatek-41.png,kmeans,12,0.5133757587132097,60617.67466058668
kwiatek-41.png,kmeans,13,0.5138084165903999,59986.237496820606
kwiatek-41.png,kmeans,14,0.4997157152596686,60583.53193840779
kwiatek-41.png,kmeans,15,0.47875621980181504,60423.16582898287
kwiatek-41.png,kmeans,16,0.4668936882558087,60585.04000055299
kwiatek-41.png,kmeans,17,0.46783148079797493,61629.534428928964
kwiatek-41.png,kmeans,18,0.46495643770970235,61965.770019745294
kwiatek-41.png,kmeans,19,0.4546845646053243,61469.491931329205
kwiatek-41.png,kmeans,20,0.4439856318080354,61720.40493693338
kwiatek-41.png,kmedoids,5,0.5194110408682285,54978.22242819866
kwiatek-41.png,kmedoids,6,0.5086527218630809,58334.16938821211
kwiatek-41.png,kmedoids,7,0.5126202049097437,57688.37828889956
kwiatek-41.png,kmedoids,8,0.49484753022294753,56477.4737487013
kwiatek-41.png,kmedoids,9,0.4633211826658309,54524.010354730766
kwiatek-41.png,kmedoids,10,0.46209631299937576,55060.35926166763
kwiatek-41.png,kmedoids,11,0.4444638432296967,54224.08237662192
kwiatek-41.png,kmedoids,12,0.4203166997815191,52820.932920061845
kwiatek-41.png,kmedoids,13,0.4135157159574117,51304.591194720786
kwiatek-41.png,kmedoids,14,0.41289473973126656,51031.252423863545
kwiatek-41.png,kmedoids,15,0.4072185838478631,50428.604026635716
kwiatek-41.png,kmedoids,16,0.39930807246705,48912.765811538615
kwiatek-41.png,kmedoids,17,0.39324618648078347,47948.09984217331
kwiatek-41.png,kmedoids,18,0.38647896524372866,47250.52967163113
kwiatek-41.png,kmedoids,19,0.3807771643592285,47882.73498755146
kwiatek-41.png,kmedoids,20,0.3741553327945063,50450.856575717284
kwiatek-42.png,kmeans,5,0.473159338021231,16864.187533053788
kwiatek-42.png,kmeans,6,0.43255641311232884,17582.911901528936
kwiatek-42.png,kmeans,7,0.40957941100254375,17694.636438585723
kwiatek-42.png,kmeans,8,0.38266098944751237,17391.030761581867
kwiatek-42.png,kmeans,9,0.38154392005312066,17159.103778465716
kwiatek-42.png,kmeans,10,0.3767552330703134,17248.373718964496
kwiatek-42.png,kmeans,11,0.3680495249663613,17688.76150982106
kwiatek-42.png,kmeans,12,0.36677566928568667,17698.488286950647
kwiatek-42.png,kmeans,13,0.36071282783040376,17520.88838872823
kwiatek-42.png,kmeans,14,0.3619427542142369,17577.12199148953
kwiatek-42.png,kmeans,15,0.3653989354984315,17708.552470767074
kwiatek-42.png,kmeans,16,0.3627407903585549,17820.346006700922
kwiatek-42.png,kmeans,17,0.36043637014877183,17796.04679788778
kwiatek-42.png,kmeans,18,0.35739803892685607,17823.32504741618
kwiatek-42.png,kmeans,19,0.3525459232453423,17692.78034917857
kwiatek-42.png,kmeans,20,0.34762184552159375,17521.32989284594
kwiatek-42.png,kmedoids,5,0.4388928971957403,15611.513066901272
kwiatek-42.png,kmedoids,6,0.41494125811381516,16935.982026091413
kwiatek-42.png,kmedoids,7,0.37962800078846715,16076.234409387282
kwiatek-42.png,kmedoids,8,0.3754917977812319,15589.845686722101
kwiatek-42.png,kmedoids,9,0.3762958979323202,15503.057741496039
kwiatek-42.png,kmedoids,10,0.37974201137521624,15216.017606345666
kwiatek-42.png,kmedoids,11,0.3731681816814921,14949.512901941887
kwiatek-42.png,kmedoids,12,0.3669978926358747,14830.900966611025
kwiatek-42.png,kmedoids,13,0.36212036552060717,16008.182879516313
kwiatek-42.png,kmedoids,14,0.3616751535401993,16086.6788319757
kwiatek-42.png,kmedoids,15,0.36236780132450586,17077.507837451085
kwiatek-42.png,kmedoids,16,0.35800721985060024,16960.640927050757
kwiatek-42.png,kmedoids,17,0.355673263667524,16789.02142025679
kwiatek-42.png,kmedoids,18,0.3487183420079664,16718.449419968096
kwiatek-42.png,kmedoids,19,0.34307233822224825,16936.48409078323
kwiatek-42.png,kmedoids,20,0.3356027830500804,16777.3584125567
kwiatek-43.png,kmeans,5,0.8539285611028504,71192.11784680132
kwiatek-43.png,kmeans,6,0.8595085608484982,84577.66604704007
kwiatek-43.png,kmeans,7,0.847843791065795,88682.29879137673
kwiatek-43.png,kmeans,8,0.8289660859350795,99132.77200713119
kwiatek-43.png,kmeans,9,0.8026675627051694,101254.21858099612
kwiatek-43.png,kmeans,10,0.7721497389304028,105270.17733036948
kwiatek-43.png,kmeans,11,0.7686842468567328,106102.51725365555
kwiatek-43.png,kmeans,12,0.7573319243462459,108657.4814104583
kwiatek-43.png,kmeans,13,0.715067282982617,109553.45604892862
kwiatek-43.png,kmeans,14,0.7167247807902096,111284.9080282599
kwiatek-43.png,kmeans,15,0.6949689811360261,113495.35289266755
kwiatek-43.png,kmeans,16,0.6816676031136604,114931.89432429236
kwiatek-43.png,kmeans,17,0.6747935814225319,114725.07304602144
kwiatek-43.png,kmeans,18,0.620899777327767,114297.63488519262
kwiatek-43.png,kmeans,19,0.5777014902222765,114856.85328847395
kwiatek-43.png,kmeans,20,0.5740991089415844,115193.65995512174
kwiatek-43.png,kmedoids,5,0.8603961061461302,71658.7026296934
kwiatek-43.png,kmedoids,6,0.8592626930678152,84180.8008590235
kwiatek-43.png,kmedoids,7,0.6303204236708907,79002.71705911361
kwiatek-43.png,kmedoids,8,0.5744074799904906,82688.27482453124
kwiatek-43.png,kmedoids,9,0.5866075882819028,93502.72187303368
kwiatek-43.png,kmedoids,10,0.5115232199240751,94287.80235873561
kwiatek-43.png,kmedoids,11,0.5079903471561448,95668.16645866197
kwiatek-43.png,kmedoids,12,0.46677316975469924,97606.2050154544
kwiatek-43.png,kmedoids,13,0.43140920372796004,96173.0403785218
kwiatek-43.png,kmedoids,14,0.4377566783297645,96062.46877948633
kwiatek-43.png,kmedoids,15,0.43821998576271026,95308.5633330176
kwiatek-43.png,kmedoids,16,0.43296746865983443,95775.21169558629
kwiatek-43.png,kmedoids,17,0.4345455450112342,96014.21096136497
kwiatek-43.png,kmedoids,18,0.434625025524819,99859.05386717667
kwiatek-43.png,kmedoids,19,0.4373319407960571,101918.5011941601
kwiatek-43.png,kmedoids,20,0.43660327395282367,104444.84742105339
kwiatek-44.png,kmeans,5,0.6591579840046682,49184.752819317255
kwiatek-44.png,kmeans,6,0.5978174885837835,48993.33094732191
kwiatek-44.png,kmeans,7,0.5974755123155309,50118.73712882106
kwiatek-44.png,kmeans,8,0.5522164271444712,51713.62090517181
kwiatek-44.png,kmeans,9,0.5288506918969607,53320.14828729008
kwiatek-44.png,kmeans,10,0.49699731567772903,53186.96254064453
kwiatek-44.png,kmeans,11,0.48469809483432263,54330.88734760077
kwiatek-44.png,kmeans,12,0.48032884744845716,54126.34252935334
kwiatek-44.png,kmeans,13,0.46724116007929,54093.11597815732
kwiatek-44.png,kmeans,14,0.4644456310285842,54150.84785947155
kwiatek-44.png,kmeans,15,0.4384277263165308,53149.1206855908
kwiatek-44.png,kmeans,16,0.42163761436805397,53028.17477004942
kwiatek-44.png,kmeans,17,0.4189131816964822,53497.30269992615
kwiatek-44.png,kmeans,18,0.42010341504235554,53090.3292524231
kwiatek-44.png,kmeans,19,0.4174431606244037,52922.56995255778
kwiatek-44.png,kmeans,20,0.41688406662991173,52802.53527895699
kwiatek-44.png,kmedoids,5,0.5492151887319836,51101.00491623905
kwiatek-44.png,kmedoids,6,0.4776792964237678,44619.49103834678
kwiatek-44.png,kmedoids,7,0.44606518021899094,42873.1869879707
kwiatek-44.png,kmedoids,8,0.41975846014367113,42708.99689957637
kwiatek-44.png,kmedoids,9,0.41462358805460564,44392.305998133925
kwiatek-44.png,kmedoids,10,0.38270998092567876,45165.87728127639
kwiatek-44.png,kmedoids,11,0.39061593604312267,44504.28011868675
kwiatek-44.png,kmedoids,12,0.3784969230368946,46081.33585024652
kwiatek-44.png,kmedoids,13,0.3852241689763707,48994.41568916158
kwiatek-44.png,kmedoids,14,0.37759039765127633,47411.331916768824
kwiatek-44.png,kmedoids,15,0.3746431524176093,48214.92888125498
kwiatek-44.png,kmedoids,16,0.38658934132247896,47844.975726335026
kwiatek-44.png,kmedoids,17,0.3861108428323349,46595.168903062906
kwiatek-44.png,kmedoids,18,0.3761451187997155,46396.10251802464
kwiatek-44.png,kmedoids,19,0.3651974310119668,45191.66852846796
kwiatek-44.png,kmedoids,20,0.3715017969164608,44809.4073454724
kwiatek-45.png,kmeans,5,0.6440939711447733,51851.65229597913
kwiatek-45.png,kmeans,6,0.5787570389290194,53237.36594792582
kwiatek-45.png,kmeans,7,0.5659471391163362,51474.343594197984
kwiatek-45.png,kmeans,8,0.5413794642036389,49214.184106282475
kwiatek-45.png,kmeans,9,0.5239424779227473,47398.824014741775
kwiatek-45.png,kmeans,10,0.5032659494821072,46590.21037395815
kwiatek-45.png,kmeans,11,0.500314586517558,46006.056871918285
kwiatek-45.png,kmeans,12,0.4951398233098582,45913.64197007097
kwiatek-45.png,kmeans,13,0.481034674685154,45820.09830141909
kwiatek-45.png,kmeans,14,0.4787157681287793,44621.1031792364
kwiatek-45.png,kmeans,15,0.4688433143054086,44313.55162153061
kwiatek-45.png,kmeans,16,0.4544440764846205,44481.24609837528
kwiatek-45.png,kmeans,17,0.4320540751886363,44435.93768953931
kwiatek-45.png,kmeans,18,0.43067269229977645,44328.12840219005
kwiatek-45.png,kmeans,19,0.42171140702054366,43786.54523471914
kwiatek-45.png,kmeans,20,0.4253097800727376,43391.39182294787
kwiatek-45.png,kmedoids,5,0.5374774133674267,42162.97186688882
kwiatek-45.png,kmedoids,6,0.48441562237784536,41337.355876372196
kwiatek-45.png,kmedoids,7,0.46576164366138845,47624.17142669122
kwiatek-45.png,kmedoids,8,0.42813957619288967,45072.73277802173
kwiatek-45.png,kmedoids,9,0.4003430105339759,44104.65474114394
kwiatek-45.png,kmedoids,10,0.3824371040131839,41151.29667418924
kwiatek-45.png,kmedoids,11,0.37829412419247027,41555.262688959716
kwiatek-45.png,kmedoids,12,0.3720858504959029,40055.466323606306
kwiatek-45.png,kmedoids,13,0.36214214997160343,38959.52912715851
kwiatek-45.png,kmedoids,14,0.3627812390897695,38564.18388005097
kwiatek-45.png,kmedoids,15,0.35037709258462424,37601.439833582874
kwiatek-45.png,kmedoids,16,0.3413443119065856,36969.919497666444
kwiatek-45.png,kmedoids,17,0.33143819960467125,35850.35864024964
kwiatek-45.png,kmedoids,18,0.3397852497583657,37393.12535370105
kwiatek-45.png,kmedoids,19,0.34358737114903715,37379.00214297023
kwiatek-45.png,kmedoids,20,0.3405198629992351,37782.19391883259
kwiatek-46.png,kmeans,5,0.7380597504758768,111886.0247021846
kwiatek-46.png,kmeans,6,0.7080413426980682,115058.90897266066
kwiatek-46.png,kmeans,7,0.6914349648248088,121756.56323840278
kwiatek-46.png,kmeans,8,0.6555421115787688,124803.34452390441
kwiatek-46.png,kmeans,9,0.6348332103382693,125993.62754775972
kwiatek-46.png,kmeans,10,0.6188031583890827,127875.02875828468
kwiatek-46.png,kmeans,11,0.6089446980237161,128769.43296705263
kwiatek-46.png,kmeans,12,0.6044784253725557,129131.06675284325
kwiatek-46.png,kmeans,13,0.5933807603780462,129136.54757809911
kwiatek-46.png,kmeans,14,0.5894724368800806,128904.48902227411
kwiatek-46.png,kmeans,15,0.5823675111988751,127106.88199387577
kwiatek-46.png,kmeans,16,0.5794991912742539,127981.66460662059
kwiatek-46.png,kmeans,17,0.5723655138632472,126866.14969701762
kwiatek-46.png,kmeans,18,0.5685590263028799,128631.30471833055
kwiatek-46.png,kmeans,19,0.5684061820317531,127453.71351844976
kwiatek-46.png,kmeans,20,0.560356163079401,127361.50665173416
kwiatek-46.png,kmedoids,5,0.7066418379966231,112003.34910744552
kwiatek-46.png,kmedoids,6,0.6565108344774363,106469.52281225147
kwiatek-46.png,kmedoids,7,0.6177793776519721,109332.86626714977
kwiatek-46.png,kmedoids,8,0.5993735682659409,118858.68238468762
kwiatek-46.png,kmedoids,9,0.5907057192968436,121149.97090311567
kwiatek-46.png,kmedoids,10,0.539148622926734,116909.51335345139
kwiatek-46.png,kmedoids,11,0.496563012604465,114343.63902358661
kwiatek-46.png,kmedoids,12,0.5076270668051176,118239.7176677726
kwiatek-46.png,kmedoids,13,0.492671270115688,118732.93098012365
kwiatek-46.png,kmedoids,14,0.4832033621241811,118160.70936383493
kwiatek-46.png,kmedoids,15,0.4634446931762518,116776.98308096561
kwiatek-46.png,kmedoids,16,0.4438167642091555,115490.94083331611
kwiatek-46.png,kmedoids,17,0.4395721859624184,113384.51543972614
kwiatek-46.png,kmedoids,18,0.4390748709709723,112735.805898816
kwiatek-46.png,kmedoids,19,0.43819746701437035,113371.28498497124
kwiatek-46.png,kmedoids,20,0.4336225158740327,112060.09457236741
kwiatek-47.png,kmeans,5,0.734124964475966,32457.85354415264
kwiatek-47.png,kmeans,6,0.707302182764791,32967.626656504406
kwiatek-47.png,kmeans,7,0.7065168499920591,32742.291848409037
kwiatek-47.png,kmeans,8,0.6645650443228107,33439.04409590335
kwiatek-47.png,kmeans,9,0.6396469411768761,33814.62353076875
kwiatek-47.png,kmeans,10,0.6408398163408628,35661.41492435481
kwiatek-47.png,kmeans,11,0.6049890480093649,35226.11266811096
kwiatek-47.png,kmeans,12,0.5922280103977196,34716.9323798793
kwiatek-47.png,kmeans,13,0.5752075210313585,34259.395297017014
kwiatek-47.png,kmeans,14,0.5708479471075726,35565.68840925832
kwiatek-47.png,kmeans,15,0.5682436352009596,35369.674785386786
kwiatek-47.png,kmeans,16,0.5582248275382289,35117.559816339985
kwiatek-47.png,kmeans,17,0.5556234155495213,34686.27767630397
kwiatek-47.png,kmeans,18,0.5544198026672903,35282.795096583315
kwiatek-47.png,kmeans,19,0.5502487353943041,34965.8344229667
kwiatek-47.png,kmeans,20,0.5501786127820559,34432.37001632531
kwiatek-47.png,kmedoids,5,0.7033710916314437,31598.593071966687
kwiatek-47.png,kmedoids,6,0.5707308377970316,30153.085220114364
kwiatek-47.png,kmedoids,7,0.5524369001933601,29512.604090066983
kwiatek-47.png,kmedoids,8,0.5496461282173405,30408.432901831064
kwiatek-47.png,kmedoids,9,0.5210932361397276,30662.26160038734
kwiatek-47.png,kmedoids,10,0.4922653684783159,31491.999817050953
kwiatek-47.png,kmedoids,11,0.4618501971965003,32438.199057072983
kwiatek-47.png,kmedoids,12,0.4590147596347965,33858.979531990226
kwiatek-47.png,kmedoids,13,0.4174741912393564,31758.958894018684
kwiatek-47.png,kmedoids,14,0.40973550409915926,31923.37072732382
kwiatek-47.png,kmedoids,15,0.4004795359184145,31359.94211580909
kwiatek-47.png,kmedoids,16,0.39412523603881383,31314.6799696429
kwiatek-47.png,kmedoids,17,0.38771719198995414,31891.583211869107
kwiatek-47.png,kmedoids,18,0.389658710359199,32220.85621532796
kwiatek-47.png,kmedoids,19,0.39296023379760403,32019.170088623105
kwiatek-47.png,kmedoids,20,0.39754935187418566,31876.87341921489
kwiatek-48.png,kmeans,5,0.5335022456076806,14693.33846095351
kwiatek-48.png,kmeans,6,0.5013146515857171,15837.486056098656
kwiatek-48.png,kmeans,7,0.49267846104758356,16258.71568255939
kwiatek-48.png,kmeans,8,0.48573138516952524,17275.532793569804
kwiatek-48.png,kmeans,9,0.46396028944825324,17266.155684653066
kwiatek-48.png,kmeans,10,0.45873234031069954,17516.919897270964
kwiatek-48.png,kmeans,11,0.45444190226258396,17306.84846146123
kwiatek-48.png,kmeans,12,0.44889711979776087,17358.56565523911
kwiatek-48.png,kmeans,13,0.44007467909637316,17091.337479309506
kwiatek-48.png,kmeans,14,0.43646987230998757,17547.83820361332
kwiatek-48.png,kmeans,15,0.43176296106860823,17444.622386440915
kwiatek-48.png,kmeans,16,0.42313115711963256,17389.427678597905
kwiatek-48.png,kmeans,17,0.4146127512123897,17424.16925987543
kwiatek-48.png,kmeans,18,0.4124423017715926,17397.64173979534
kwiatek-48.png,kmeans,19,0.41168156771340403,17422.103147601112
kwiatek-48.png,kmeans,20,0.4086500861161877,17455.149096644327
kwiatek-48.png,kmedoids,5,0.4485989412933219,13641.506658683535
kwiatek-48.png,kmedoids,6,0.4236541274681538,13304.070858539528
kwiatek-48.png,kmedoids,7,0.4327194945656435,13884.359612260847
kwiatek-48.png,kmedoids,8,0.42470023657591777,14452.475084822374
kwiatek-48.png,kmedoids,9,0.4182473673452621,14774.622245668594
kwiatek-48.png,kmedoids,10,0.4023674849134153,14671.777212314599
kwiatek-48.png,kmedoids,11,0.3967584808107606,14845.415283229548
kwiatek-48.png,kmedoids,12,0.3902522105696646,14660.215538651033
kwiatek-48.png,kmedoids,13,0.38632450045811045,15440.489927350285
kwiatek-48.png,kmedoids,14,0.3797598416420799,15373.919063546575
kwiatek-48.png,kmedoids,15,0.37188703208500595,15099.926523247803
kwiatek-48.png,kmedoids,16,0.3690351537744138,15418.745744299016
kwiatek-48.png,kmedoids,17,0.37445053882573254,15311.176428387891
kwiatek-48.png,kmedoids,18,0.3636008375116191,15153.100195232644
kwiatek-48.png,kmedoids,19,0.3620077830050848,15495.917310692303
kwiatek-48.png,kmedoids,20,0.3551489123852286,15246.049168273119
kwiatek-49.png,kmeans,5,0.4780692739070821,29303.929140140193
kwiatek-49.png,kmeans,6,0.41396845158447937,28615.79941574872
kwiatek-49.png,kmeans,7,0.408154443166724,28529.451375383207
kwiatek-49.png,kmeans,8,0.40910763361183794,28303.40203756224
kwiatek-49.png,kmeans,9,0.4082899920685604,28319.058391198498
kwiatek-49.png,kmeans,10,0.4176870971929743,30478.056290119293
kwiatek-49.png,kmeans,11,0.4035403592689297,30681.28310146696
kwiatek-49.png,kmeans,12,0.4037943846885453,31119.203544703247
kwiatek-49.png,kmeans,13,0.39704895046256183,30827.85500864112
kwiatek-49.png,kmeans,14,0.3931398737072719,31177.48284537032
kwiatek-49.png,kmeans,15,0.3941068493094945,31901.35639821052
kwiatek-49.png,kmeans,16,0.38858158212591476,32065.902911011857
kwiatek-49.png,kmeans,17,0.38759620905414455,31365.531174674572
kwiatek-49.png,kmeans,18,0.3823750938246989,31752.64475716959
kwiatek-49.png,kmeans,19,0.3822788423429784,31686.166541715134
kwiatek-49.png,kmeans,20,0.3770281342159231,31617.201319670894
kwiatek-49.png,kmedoids,5,0.39768547248299774,25012.78622299516
kwiatek-49.png,kmedoids,6,0.40059289121875385,27555.66281439094
kwiatek-49.png,kmedoids,7,0.38674328481362086,28032.79001668434
kwiatek-49.png,kmedoids,8,0.4133964933856464,27357.065387971834
kwiatek-49.png,kmedoids,9,0.39746290578706384,26340.59347929401
kwiatek-49.png,kmedoids,10,0.39442313434754356,25381.04301404789
kwiatek-49.png,kmedoids,11,0.3881013302913304,25772.472922442303
kwiatek-49.png,kmedoids,12,0.3976733511524424,28340.285976194304
kwiatek-49.png,kmedoids,13,0.3996315483080423,29976.66213287292
kwiatek-49.png,kmedoids,14,0.3893994782558849,29861.421588834997
kwiatek-49.png,kmedoids,15,0.38080466351857567,29287.395985029714
kwiatek-49.png,kmedoids,16,0.37609598376623093,29074.064415036915
kwiatek-49.png,kmedoids,17,0.3765013035617656,30140.59344116291
kwiatek-49.png,kmedoids,18,0.3747327928333618,30512.854609532817
kwiatek-49.png,kmedoids,19,0.3715670519485787,31296.63858447063
kwiatek-49.png,kmedoids,20,0.36263612995005523,30104.729936462332
kwiatek-5.png,kmeans,5,0.7442128845666629,52231.27566923391
kwiatek-5.png,kmeans,6,0.7266943963850131,61317.88969051758
kwiatek-5.png,kmeans,7,0.7141315900015732,63289.03488124585
kwiatek-5.png,kmeans,8,0.697589216411896,64931.063235217225
kwiatek-5.png,kmeans,9,0.691631471100011,63615.10753041118
kwiatek-5.png,kmeans,10,0.6728134870384672,62592.45271524242
kwiatek-5.png,kmeans,11,0.6522677254577566,65353.66193784501
kwiatek-5.png,kmeans,12,0.651189760140081,66211.23509011017
kwiatek-5.png,kmeans,13,0.6424489126703777,65967.23475154924
kwiatek-5.png,kmeans,14,0.6358043356472824,65332.61642348864
kwiatek-5.png,kmeans,15,0.6315539342212101,65931.36429205097
kwiatek-5.png,kmeans,16,0.6229076246971085,65788.64434772529
kwiatek-5.png,kmeans,17,0.6235227033771413,65884.39464804209
kwiatek-5.png,kmeans,18,0.6244360647304923,65263.85439132843
kwiatek-5.png,kmeans,19,0.6233075537795691,65056.329122833136
kwiatek-5.png,kmeans,20,0.6127256074920855,65296.34917581089
kwiatek-5.png,kmedoids,5,0.6940127723649403,48632.427843779806
kwiatek-5.png,kmedoids,6,0.713097484358495,59345.64827623624
kwiatek-5.png,kmedoids,7,0.6686956841748432,59889.693836407794
kwiatek-5.png,kmedoids,8,0.657634805949827,61717.43768309626
kwiatek-5.png,kmedoids,9,0.6411886068488487,62244.382927140876
kwiatek-5.png,kmedoids,10,0.6242289572497135,62690.560369980885
kwiatek-5.png,kmedoids,11,0.6038717656395709,61995.73447212788
kwiatek-5.png,kmedoids,12,0.6063344239251102,63379.577795189674
kwiatek-5.png,kmedoids,13,0.5814385668373733,62732.369243355446
kwiatek-5.png,kmedoids,14,0.563418203379147,63103.96485948881
kwiatek-5.png,kmedoids,15,0.5263909133372959,61885.651044937
kwiatek-5.png,kmedoids,16,0.5306564750289333,62019.97962903972
kwiatek-5.png,kmedoids,17,0.5092339430654546,60464.33216145912
kwiatek-5.png,kmedoids,18,0.49655855638382784,59002.27283830628
kwiatek-5.png,kmedoids,19,0.495661924542315,59462.09532426282
kwiatek-5.png,kmedoids,20,0.4960717738493998,59154.46371593841
kwiatek-50.png,kmeans,5,0.46822747307505114,16263.475399971003
kwiatek-50.png,kmeans,6,0.43088811572896696,16832.009934148526
kwiatek-50.png,kmeans,7,0.4192543346801564,16966.16247853218
kwiatek-50.png,kmeans,8,0.4383327218846582,16466.31743441913
kwiatek-50.png,kmeans,9,0.4335675342672795,16396.62460027828
kwiatek-50.png,kmeans,10,0.42356219474263945,15773.301098775075
kwiatek-50.png,kmeans,11,0.42093868222454917,15274.770538825043
kwiatek-50.png,kmeans,12,0.41956940531279596,14892.965514145046
kwiatek-50.png,kmeans,13,0.4257880397192535,14817.192936463285
kwiatek-50.png,kmeans,14,0.42728655932032866,14746.731844930528
kwiatek-50.png,kmeans,15,0.4259979071113049,14710.840113991848
kwiatek-50.png,kmeans,16,0.4183738716165422,14539.605717242253
kwiatek-50.png,kmeans,17,0.4166971935553635,14325.227535537324
kwiatek-50.png,kmeans,18,0.4084360202425653,14220.318389013773
kwiatek-50.png,kmeans,19,0.40814999161039206,14468.221290939913
kwiatek-50.png,kmeans,20,0.40391411662248455,14289.203679003742
kwiatek-50.png,kmedoids,5,0.41377726390709,14308.718021882663
kwiatek-50.png,kmedoids,6,0.4264117001948936,14147.828974773598
kwiatek-50.png,kmedoids,7,0.443663429431707,13166.432880140415
kwiatek-50.png,kmedoids,8,0.42315627906359615,12975.479532957363
kwiatek-50.png,kmedoids,9,0.39081536634002323,12356.53825597439
kwiatek-50.png,kmedoids,10,0.3812984951062291,12544.144367411876
kwiatek-50.png,kmedoids,11,0.380658627073076,11885.595714749299
kwiatek-50.png,kmedoids,12,0.3729930861714287,12631.40543545543
kwiatek-50.png,kmedoids,13,0.3804824650191235,12742.43320290478
kwiatek-50.png,kmedoids,14,0.37515101337755624,13487.354634998268
kwiatek-50.png,kmedoids,15,0.367092035199107,13105.687157737026
kwiatek-50.png,kmedoids,16,0.3646644169528038,12808.743626840618
kwiatek-50.png,kmedoids,17,0.36252947937232377,12510.043442573127
kwiatek-50.png,kmedoids,18,0.36287482435729485,12308.470237159821
kwiatek-50.png,kmedoids,19,0.3613110353823167,12264.434616362667
kwiatek-50.png,kmedoids,20,0.36684581694132007,12242.379419151042
kwiatek-51.png,kmeans,5,0.6116813051182458,50463.239320151646
kwiatek-51.png,kmeans,6,0.6079004899115421,55447.70751359606
kwiatek-51.png,kmeans,7,0.586362238868442,55303.51990762863
kwiatek-51.png,kmeans,8,0.5600319633195274,56710.883332786194
kwiatek-51.png,kmeans,9,0.5617641750461765,56798.06558085522
kwiatek-51.png,kmeans,10,0.5502827656841631,58684.99958300148
kwiatek-51.png,kmeans,11,0.5317076545421828,58898.975451362625
kwiatek-51.png,kmeans,12,0.5285749732635253,60743.09311726084
kwiatek-51.png,kmeans,13,0.529976809566957,60610.479984616024
kwiatek-51.png,kmeans,14,0.5145263508154783,60008.50973053189
kwiatek-51.png,kmeans,15,0.5034580630853387,60007.67101002329
kwiatek-51.png,kmeans,16,0.5027309469120257,61067.41297010423
kwiatek-51.png,kmeans,17,0.4931031847011614,61157.468795732435
kwiatek-51.png,kmeans,18,0.48732102666166954,61105.51545303414
kwiatek-51.png,kmeans,19,0.48633935311881127,60544.78025602546
kwiatek-51.png,kmeans,20,0.4785016334052911,59658.20223413479
kwiatek-51.png,kmedoids,5,0.5915547202633142,47019.49247278206
kwiatek-51.png,kmedoids,6,0.573186060376471,48469.85529460085
kwiatek-51.png,kmedoids,7,0.5633193670560688,55947.40771335763
kwiatek-51.png,kmedoids,8,0.5388147225375828,56092.53132444882
kwiatek-51.png,kmedoids,9,0.5208150692414957,55526.891363744435
kwiatek-51.png,kmedoids,10,0.5206860686027676,56260.32578010422
kwiatek-51.png,kmedoids,11,0.5039006169477136,58183.263088274514
kwiatek-51.png,kmedoids,12,0.48563156784237205,57157.27115561196
kwiatek-51.png,kmedoids,13,0.4708091890768042,55825.775082123
kwiatek-51.png,kmedoids,14,0.48083812679674925,58605.877237099994
kwiatek-51.png,kmedoids,15,0.45326578939113504,58822.454240494655
kwiatek-51.png,kmedoids,16,0.410523334714007,57169.30633154239
kwiatek-51.png,kmedoids,17,0.39301396432129454,56524.303630787574
kwiatek-51.png,kmedoids,18,0.39098440241900817,55808.7650137
kwiatek-51.png,kmedoids,19,0.3889781811024676,55740.86969142533
kwiatek-51.png,kmedoids,20,0.38159686160973993,55228.14773147013
kwiatek-52.png,kmeans,5,0.7578205169679519,38408.513033989424
kwiatek-52.png,kmeans,6,0.71003481302696,38047.09026875334
kwiatek-52.png,kmeans,7,0.6848176286246741,39619.906483720435
kwiatek-52.png,kmeans,8,0.6750511232792795,40292.7871598257
kwiatek-52.png,kmeans,9,0.6584497632142962,42473.35021993617
kwiatek-52.png,kmeans,10,0.6410740375005586,43318.12066433462
kwiatek-52.png,kmeans,11,0.6288632722590739,43068.172875873104
kwiatek-52.png,kmeans,12,0.6017678270498624,44057.202361553194
kwiatek-52.png,kmeans,13,0.5926040370874402,43406.37156281907
kwiatek-52.png,kmeans,14,0.5844435875680285,44381.96975306145
kwiatek-52.png,kmeans,15,0.5700935958215266,45001.70767466251
kwiatek-52.png,kmeans,16,0.5622650302712949,45504.83499326433
kwiatek-52.png,kmeans,17,0.5573338765545232,47037.19690800472
kwiatek-52.png,kmeans,18,0.5555176772435428,47087.59889161803
kwiatek-52.png,kmeans,19,0.5469258193044626,47669.14502157324
kwiatek-52.png,kmeans,20,0.5463868024985694,47856.86464171086
kwiatek-52.png,kmedoids,5,0.597834591145267,29429.658600657713
kwiatek-52.png,kmedoids,6,0.580422671235258,34240.35523379871
kwiatek-52.png,kmedoids,7,0.5210662207469684,33447.771898308216
kwiatek-52.png,kmedoids,8,0.5285643467391632,35221.114385292654
kwiatek-52.png,kmedoids,9,0.500064728818946,34059.917872868136
kwiatek-52.png,kmedoids,10,0.5214150431732476,38714.2522994059
kwiatek-52.png,kmedoids,11,0.49441428806923593,39076.54197256815
kwiatek-52.png,kmedoids,12,0.4817370581133479,37185.1508000231
kwiatek-52.png,kmedoids,13,0.48445943744730685,37456.794060334076
kwiatek-52.png,kmedoids,14,0.4640484713088068,37414.6775798684
kwiatek-52.png,kmedoids,15,0.4543465922931856,37806.36981111547
kwiatek-52.png,kmedoids,16,0.44559487436770695,37828.587307136884
kwiatek-52.png,kmedoids,17,0.44482304572619685,37838.048325577445
kwiatek-52.png,kmedoids,18,0.4434444586169035,39037.85274337404
kwiatek-52.png,kmedoids,19,0.44315420926135396,40434.07924487741
kwiatek-52.png,kmedoids,20,0.4410881881840442,40727.709125109395
kwiatek-53.png,kmeans,5,0.7447380418994282,41534.49121654092
kwiatek-53.png,kmeans,6,0.6960246827098502,39163.24261882632
kwiatek-53.png,kmeans,7,0.6520004610530871,39886.65262952753
kwiatek-53.png,kmeans,8,0.6391074239255021,40871.007477003746
kwiatek-53.png,kmeans,9,0.6327077840886137,41210.531429597824
kwiatek-53.png,kmeans,10,0.6268827086147879,39846.668971217005
kwiatek-53.png,kmeans,11,0.6219843446298219,38671.25494772977
kwiatek-53.png,kmeans,12,0.5992656484647588,38358.382054451205
kwiatek-53.png,kmeans,13,0.5959649020956889,37572.09391934059
kwiatek-53.png,kmeans,14,0.5974688339917508,37259.024852746654
kwiatek-53.png,kmeans,15,0.5797378259479755,36861.549346276486
kwiatek-53.png,kmeans,16,0.5646132897751905,36960.59729918649
kwiatek-53.png,kmeans,17,0.5537424602643464,36980.67097050468
kwiatek-53.png,kmeans,18,0.5564145210435221,38410.27513913637
kwiatek-53.png,kmeans,19,0.5493504951405148,38736.557046823444
kwiatek-53.png,kmeans,20,0.5512052405023968,39225.579834344826
kwiatek-53.png,kmedoids,5,0.6205534443778069,36918.21958665545
kwiatek-53.png,kmedoids,6,0.6111195555124462,39469.86624362707
kwiatek-53.png,kmedoids,7,0.580100618567673,37467.72593639766
kwiatek-53.png,kmedoids,8,0.5652645933060761,37775.389712643315
kwiatek-53.png,kmedoids,9,0.5406232216886941,38347.92496439653
kwiatek-53.png,kmedoids,10,0.5195762677774307,36640.1693718811
kwiatek-53.png,kmedoids,11,0.4876622888058398,36166.97959525685
kwiatek-53.png,kmedoids,12,0.45048313897048525,34757.09243387828
kwiatek-53.png,kmedoids,13,0.43886166237692753,34243.438362644716
kwiatek-53.png,kmedoids,14,0.4363403841454322,34132.13801988032
kwiatek-53.png,kmedoids,15,0.4383539502071702,33328.56469558884
kwiatek-53.png,kmedoids,16,0.42053241292133486,32625.151716714212
kwiatek-53.png,kmedoids,17,0.39679776146810625,32398.381156495376
kwiatek-53.png,kmedoids,18,0.4011857421189692,32451.458975643203
kwiatek-53.png,kmedoids,19,0.4015443497713965,33231.38473867623
kwiatek-53.png,kmedoids,20,0.402886739183881,32389.599826144393
kwiatek-54.png,kmeans,5,0.6340513838659049,26271.552044830732
kwiatek-54.png,kmeans,6,0.6209571173242227,25085.539615450194
kwiatek-54.png,kmeans,7,0.599680964032052,24828.09722867843
kwiatek-54.png,kmeans,8,0.5639709219732756,24001.729193950832
kwiatek-54.png,kmeans,9,0.5689632085629314,24636.446337131532
kwiatek-54.png,kmeans,10,0.5280363474041159,24745.856559390748
kwiatek-54.png,kmeans,11,0.5139597967632142,24649.02555695231
kwiatek-54.png,kmeans,12,0.5015755234313256,24701.02696650537
kwiatek-54.png,kmeans,13,0.4981987038025629,24583.297025813197
kwiatek-54.png,kmeans,14,0.4926385949487284,25124.983885897724
kwiatek-54.png,kmeans,15,0.49566529938093157,25740.432585940518
kwiatek-54.png,kmeans,16,0.49324359477520485,25887.883886328797
kwiatek-54.png,kmeans,17,0.4948839004084638,26522.96606598549
kwiatek-54.png,kmeans,18,0.48668176237232375,26383.657548483887
kwiatek-54.png,kmeans,19,0.48827252424396966,26583.811885437743
kwiatek-54.png,kmeans,20,0.4820781296880054,26645.147761175864
kwiatek-54.png,kmedoids,5,0.47494128519407786,19036.67292521793
kwiatek-54.png,kmedoids,6,0.4507328478231226,21389.38550967978
kwiatek-54.png,kmedoids,7,0.456501977261215,20519.27334423165
kwiatek-54.png,kmedoids,8,0.4628848216752939,21482.70647579863
kwiatek-54.png,kmedoids,9,0.4305932457967221,20018.146934338856
kwiatek-54.png,kmedoids,10,0.4509993897655635,21621.998749648756
kwiatek-54.png,kmedoids,11,0.4356052140131374,21631.58760804272
kwiatek-54.png,kmedoids,12,0.4434401096748747,21737.484528881392
kwiatek-54.png,kmedoids,13,0.4403131974620834,21580.72737273499
kwiatek-54.png,kmedoids,14,0.4387807330306891,21361.58023510928
kwiatek-54.png,kmedoids,15,0.4447425443187279,22232.07158583316
kwiatek-54.png,kmedoids,16,0.438757127375195,21701.619491691916
kwiatek-54.png,kmedoids,17,0.4403978188058165,22587.039686137046
kwiatek-54.png,kmedoids,18,0.43966975621794957,22708.268751141404
kwiatek-54.png,kmedoids,19,0.43770153746091695,23557.82127043351
kwiatek-54.png,kmedoids,20,0.43328347953374,23249.593559242858
kwiatek-55.png,kmeans,5,0.5072108697560948,19094.897293627837
kwiatek-55.png,kmeans,6,0.4854497034768136,19751.867140487673
kwiatek-55.png,kmeans,7,0.49713257797354843,21149.756370177383
kwiatek-55.png,kmeans,8,0.4652187731638464,21141.451635039255
kwiatek-55.png,kmeans,9,0.4456409235399666,21279.962152438562
kwiatek-55.png,kmeans,10,0.44701265044869143,21530.15670010105
kwiatek-55.png,kmeans,11,0.4291174952393285,21658.127215600944
kwiatek-55.png,kmeans,12,0.42346997314509255,21283.730649675763
kwiatek-55.png,kmeans,13,0.4241167875607581,20786.1740377225
kwiatek-55.png,kmeans,14,0.413750391821599,20705.32901747119
kwiatek-55.png,kmeans,15,0.4031181334465962,20683.634666565424
kwiatek-55.png,kmeans,16,0.3988296245005432,20404.070803953484
kwiatek-55.png,kmeans,17,0.3970856900616512,20223.790589025994
kwiatek-55.png,kmeans,18,0.39628494339405734,20462.696709093354
kwiatek-55.png,kmeans,19,0.39615081135624963,20247.03320956714
kwiatek-55.png,kmeans,20,0.379531972060186,20057.25923672308
kwiatek-55.png,kmedoids,5,0.44961815298471697,18964.100997936475
kwiatek-55.png,kmedoids,6,0.4139417909715247,17545.79111376824
kwiatek-55.png,kmedoids,7,0.40624405894095456,17594.72818814398
kwiatek-55.png,kmedoids,8,0.3862353374735396,16817.006801092368
kwiatek-55.png,kmedoids,9,0.39876634296360425,19705.44744607457
kwiatek-55.png,kmedoids,10,0.38641147357324696,19445.605685896204
kwiatek-55.png,kmedoids,11,0.38426408082964103,20187.622125652855
kwiatek-55.png,kmedoids,12,0.37140849813396865,19588.6821212491
kwiatek-55.png,kmedoids,13,0.3552002539915426,19123.03913064037
kwiatek-55.png,kmedoids,14,0.3553945541625231,18926.556229163456
kwiatek-55.png,kmedoids,15,0.3491320169271636,18827.028471919228
kwiatek-55.png,kmedoids,16,0.34544265692432263,19099.76740227726
kwiatek-55.png,kmedoids,17,0.34898603730089417,19670.01019700887
kwiatek-55.png,kmedoids,18,0.34334158616891297,19346.62653593164
kwiatek-55.png,kmedoids,19,0.3441314811216024,18890.67670353872
kwiatek-55.png,kmedoids,20,0.3429137008235285,18560.291953755608
kwiatek-56.png,kmeans,5,0.4741124020301616,14673.02792728633
kwiatek-56.png,kmeans,6,0.47604977891560346,14518.576667058689
kwiatek-56.png,kmeans,7,0.480611720002032,15151.064260192037
kwiatek-56.png,kmeans,8,0.48016701316293986,15988.994607209734
kwiatek-56.png,kmeans,9,0.47952555331467633,16793.517965465617
kwiatek-56.png,kmeans,10,0.4753738594987422,16555.870686779257
kwiatek-56.png,kmeans,11,0.45980045853386164,16400.330434176016
kwiatek-56.png,kmeans,12,0.45767735184040725,16025.705749935858
kwiatek-56.png,kmeans,13,0.43477355410245605,16035.769968144556
kwiatek-56.png,kmeans,14,0.42909924903490293,15985.004207029933
kwiatek-56.png,kmeans,15,0.4225931698318014,16018.629730358767
kwiatek-56.png,kmeans,16,0.4186462369843248,15952.522819187705
kwiatek-56.png,kmeans,17,0.4036190774048709,15828.395041573958
kwiatek-56.png,kmeans,18,0.3915234935297668,15758.589990977847
kwiatek-56.png,kmeans,19,0.3892379752853206,16087.196237694332
kwiatek-56.png,kmeans,20,0.3842764938929223,15966.874927223023
kwiatek-56.png,kmedoids,5,0.42688776845658083,11890.525163574175
kwiatek-56.png,kmedoids,6,0.44883475649179055,13491.485383155912
kwiatek-56.png,kmedoids,7,0.4565771097600268,13501.519961872811
kwiatek-56.png,kmedoids,8,0.4624102421748799,14415.621571143065
kwiatek-56.png,kmedoids,9,0.4267653453488407,13933.146096906203
kwiatek-56.png,kmedoids,10,0.40322441287936633,13287.113572988255
kwiatek-56.png,kmedoids,11,0.39415982051139836,13640.425509593857
kwiatek-56.png,kmedoids,12,0.3889129873404553,14676.301035943592
kwiatek-56.png,kmedoids,13,0.37438910661207236,13797.967664183627
kwiatek-56.png,kmedoids,14,0.37473422639251586,14545.186505290281
kwiatek-56.png,kmedoids,15,0.36780045996693117,14127.376303114655
kwiatek-56.png,kmedoids,16,0.3626393119687193,14052.233300618365
kwiatek-56.png,kmedoids,17,0.3645790934938217,14012.896303050025
kwiatek-56.png,kmedoids,18,0.35432061155591,13631.69830227864
kwiatek-56.png,kmedoids,19,0.36029695264044337,13855.194315856916
kwiatek-56.png,kmedoids,20,0.35088956630514956,13832.105444966302
kwiatek-57.png,kmeans,5,0.4637563937889472,14744.731558578098
kwiatek-57.png,kmeans,6,0.45952593989606216,15331.602193582246
kwiatek-57.png,kmeans,7,0.4544512840737148,15271.190358571697
kwiatek-57.png,kmeans,8,0.4568726710746473,15555.337477689765
kwiatek-57.png,kmeans,9,0.44849697939605637,15317.809571257767
kwiatek-57.png,kmeans,10,0.4509101371067873,15289.123058835034
kwiatek-57.png,kmeans,11,0.4467621165240425,15777.888550896349
kwiatek-57.png,kmeans,12,0.4424045572505474,15704.05338517708
kwiatek-57.png,kmeans,13,0.4313589910039142,15709.215535329906
kwiatek-57.png,kmeans,14,0.43988107964598144,16205.616038164915
kwiatek-57.png,kmeans,15,0.4335018019492797,15965.333391865637
kwiatek-57.png,kmeans,16,0.4311786962702013,16029.960725234987
kwiatek-57.png,kmeans,17,0.42051094109533615,15928.657702388731
kwiatek-57.png,kmeans,18,0.4182041470396684,16013.572399519875
kwiatek-57.png,kmeans,19,0.41281758279273095,15993.946981021396
kwiatek-57.png,kmeans,20,0.407741041367035,16089.050585538504
kwiatek-57.png,kmedoids,5,0.4345572140378045,14029.793959461595
kwiatek-57.png,kmedoids,6,0.4434590266403931,14449.96188898872
kwiatek-57.png,kmedoids,7,0.45127611859186567,14686.86251986344
kwiatek-57.png,kmedoids,8,0.4339411165866943,13983.190990253852
kwiatek-57.png,kmedoids,9,0.42397446767427904,13712.043137213874
kwiatek-57.png,kmedoids,10,0.41848331508869013,13862.325164787002
kwiatek-57.png,kmedoids,11,0.4225968700447041,13725.937045129447
kwiatek-57.png,kmedoids,12,0.41318390883980055,13841.48407872159
kwiatek-57.png,kmedoids,13,0.4228338236926953,14949.810013069899
kwiatek-57.png,kmedoids,14,0.4127838666904629,14871.27808224859
kwiatek-57.png,kmedoids,15,0.4021193082874623,14802.450253067553
kwiatek-57.png,kmedoids,16,0.3923060664567356,14736.421884434205
kwiatek-57.png,kmedoids,17,0.379628189878329,14338.219354003822
kwiatek-57.png,kmedoids,18,0.3806439728712613,14518.940386113867
kwiatek-57.png,kmedoids,19,0.3754383337299879,14618.355177310674
kwiatek-57.png,kmedoids,20,0.367251115704131,14716.866695096833
kwiatek-58.png,kmeans,5,0.5398563218954597,14345.188999656177
kwiatek-58.png,kmeans,6,0.5184193567052356,14599.806189582852
kwiatek-58.png,kmeans,7,0.4909887629477696,15153.593543298752
kwiatek-58.png,kmeans,8,0.4526670890456487,15492.671869450982
kwiatek-58.png,kmeans,9,0.4388562228482128,15664.884087799259
kwiatek-58.png,kmeans,10,0.42250161061380426,15622.981834827084
kwiatek-58.png,kmeans,11,0.42252809455872453,15516.602098532123
kwiatek-58.png,kmeans,12,0.4180929037610589,15599.696312857166
kwiatek-58.png,kmeans,13,0.4157011651726702,15682.654713784596
kwiatek-58.png,kmeans,14,0.41744372001223706,15993.114257231495
kwiatek-58.png,kmeans,15,0.41782907080281834,15969.834732610843
kwiatek-58.png,kmeans,16,0.42270211828918713,15987.533487218967
kwiatek-58.png,kmeans,17,0.42368491806475006,16125.00112599323
kwiatek-58.png,kmeans,18,0.41996062498039627,16209.01561936297
kwiatek-58.png,kmeans,19,0.42058598791649676,16550.394215166314
kwiatek-58.png,kmeans,20,0.4243794352429238,16666.827049060696
kwiatek-58.png,kmedoids,5,0.4932477304556463,13790.52393643741
kwiatek-58.png,kmedoids,6,0.4276505374094054,13081.951212903377
kwiatek-58.png,kmedoids,7,0.427868732696279,14513.676695070786
kwiatek-58.png,kmedoids,8,0.4202174083444058,14579.56588109946
kwiatek-58.png,kmedoids,9,0.4079747138953128,14942.218029942867
kwiatek-58.png,kmedoids,10,0.3992989339400593,14392.630160402648
kwiatek-58.png,kmedoids,11,0.39762220892193867,14164.758668073797
kwiatek-58.png,kmedoids,12,0.40469249957348696,14931.48716662174
kwiatek-58.png,kmedoids,13,0.40511221006417053,14638.89072336646
kwiatek-58.png,kmedoids,14,0.41153289291490847,14785.896368116582
kwiatek-58.png,kmedoids,15,0.417344474099412,15163.206201136267
kwiatek-58.png,kmedoids,16,0.42329143990288076,15645.616604551993
kwiatek-58.png,kmedoids,17,0.42579500609623394,15571.696233829512
kwiatek-58.png,kmedoids,18,0.4244600682225811,15770.138259859965
kwiatek-58.png,kmedoids,19,0.4189135899138675,15855.660411177349
kwiatek-58.png,kmedoids,20,0.4200424255756025,15877.704597498005
kwiatek-59.png,kmeans,5,0.49987158966031353,15044.322500451555
kwiatek-59.png,kmeans,6,0.5021557863961867,17231.983721423832
kwiatek-59.png,kmeans,7,0.4907217156425979,16183.072982733041
kwiatek-59.png,kmeans,8,0.4772014784599433,16850.7037321251
kwiatek-59.png,kmeans,9,0.47013326916795695,16798.22397380148
kwiatek-59.png,kmeans,10,0.459061683893801,16799.117163744253
kwiatek-59.png,kmeans,11,0.4616880029525414,17621.24436198616
kwiatek-59.png,kmeans,12,0.4616304833720336,17767.25386777103
kwiatek-59.png,kmeans,13,0.454076280458667,17705.260757764143
kwiatek-59.png,kmeans,14,0.45070223426261036,17791.10349797345
kwiatek-59.png,kmeans,15,0.4506092720738651,17516.587941219175
kwiatek-59.png,kmeans,16,0.44588352443774415,17531.282715122812
kwiatek-59.png,kmeans,17,0.4388083560975421,17835.717531957802
kwiatek-59.png,kmeans,18,0.4338859257240393,17582.443642711754
kwiatek-59.png,kmeans,19,0.42631713445137465,17635.1065563808
kwiatek-59.png,kmeans,20,0.41991792296519115,17457.539981806407
kwiatek-59.png,kmedoids,5,0.46710818522751163,14140.444935555333
kwiatek-59.png,kmedoids,6,0.4632900839626076,13057.163528194396
kwiatek-59.png,kmedoids,7,0.4673394496889478,15603.959973563911
kwiatek-59.png,kmedoids,8,0.44733810309151956,15389.551004075347
kwiatek-59.png,kmedoids,9,0.4283279765987289,14748.295378139102
kwiatek-59.png,kmedoids,10,0.42208683459382534,14703.701990553682
kwiatek-59.png,kmedoids,11,0.422814412261517,15012.038810759997
kwiatek-59.png,kmedoids,12,0.4208296786734936,15564.085766117856
kwiatek-59.png,kmedoids,13,0.4169181103631218,15889.493392765824
kwiatek-59.png,kmedoids,14,0.4054982891755995,15740.2076521402
kwiatek-59.png,kmedoids,15,0.3965259629782277,15411.37950246803
kwiatek-59.png,kmedoids,16,0.37896119971131703,14705.279253669782
kwiatek-59.png,kmedoids,17,0.3747383297095178,14574.162566204894
kwiatek-59.png,kmedoids,18,0.374811627528019,15314.816722461332
kwiatek-59.png,kmedoids,19,0.364162997687696,15260.992950465525
kwiatek-59.png,kmedoids,20,0.35370968244699336,14961.50050396267
kwiatek-6.png,kmeans,5,0.5389213397784558,15104.795117469203
kwiatek-6.png,kmeans,6,0.5412019406247861,15424.289748448913
kwiatek-6.png,kmeans,7,0.5053904332294425,14544.119265607538
kwiatek-6.png,kmeans,8,0.45945242895381655,14373.190695707588
kwiatek-6.png,kmeans,9,0.420765089221078,13803.374752532614
kwiatek-6.png,kmeans,10,0.3985064663374375,13381.284827532712
kwiatek-6.png,kmeans,11,0.37864687843186295,13296.203784233041
kwiatek-6.png,kmeans,12,0.37657148169926474,12989.580739340234
kwiatek-6.png,kmeans,13,0.3538903020028969,12755.682509213977
kwiatek-6.png,kmeans,14,0.3462465216842845,12561.339069203486
kwiatek-6.png,kmeans,15,0.34630471842255106,12492.763844202707
kwiatek-6.png,kmeans,16,0.34347320969781336,12058.522057234262
kwiatek-6.png,kmeans,17,0.3537167038534884,12009.620847950562
kwiatek-6.png,kmeans,18,0.3508172800027178,11906.035557187908
kwiatek-6.png,kmeans,19,0.3478300918749164,11710.946148588411
kwiatek-6.png,kmeans,20,0.34928441948386657,11551.401235432826
kwiatek-6.png,kmedoids,5,0.46782317990003053,14345.637235437936
kwiatek-6.png,kmedoids,6,0.402093368056581,13801.559019694576
kwiatek-6.png,kmedoids,7,0.36001464803260835,13538.015143296147
kwiatek-6.png,kmedoids,8,0.35024834322290327,12783.362933731016
kwiatek-6.png,kmedoids,9,0.3451395940944205,12579.561952132266
kwiatek-6.png,kmedoids,10,0.3467211282967696,12722.816892178023
kwiatek-6.png,kmedoids,11,0.3528947942509947,12288.108077362262
kwiatek-6.png,kmedoids,12,0.35236982779446924,11685.45870112894
kwiatek-6.png,kmedoids,13,0.3411386830200855,11231.471415713782
kwiatek-6.png,kmedoids,14,0.3361805100766747,11258.36983483879
kwiatek-6.png,kmedoids,15,0.3272117219807749,11217.851527522707
kwiatek-6.png,kmedoids,16,0.3182358716495282,11074.740396312005
kwiatek-6.png,kmedoids,17,0.3091246680725993,10967.272338603347
kwiatek-6.png,kmedoids,18,0.3051815988351728,10624.560484737749
kwiatek-6.png,kmedoids,19,0.3060635336069434,10459.279961913422
kwiatek-6.png,kmedoids,20,0.30614006009570216,10191.598151407034
kwiatek-60.png,kmeans,5,0.5719909509636095,32904.19759157405
kwiatek-60.png,kmeans,6,0.5265625289007569,32834.197375659096
kwiatek-60.png,kmeans,7,0.5221515493881937,33015.829570874936
kwiatek-60.png,kmeans,8,0.52254084577055,35245.88184075025
kwiatek-60.png,kmeans,9,0.5187233165131715,34547.572804155534
kwiatek-60.png,kmeans,10,0.5172480858001592,34632.90049226518
kwiatek-60.png,kmeans,11,0.5193049302582634,35390.75815861714
kwiatek-60.png,kmeans,12,0.5147048745739592,35411.782712687374
kwiatek-60.png,kmeans,13,0.502341249627744,35521.89240849037
kwiatek-60.png,kmeans,14,0.493462238371584,35679.92711557767
kwiatek-60.png,kmeans,15,0.5001322477944969,36133.00506856443
kwiatek-60.png,kmeans,16,0.49982075660428193,36644.29538345321
kwiatek-60.png,kmeans,17,0.49194960174678243,36509.107625811615
kwiatek-60.png,kmeans,18,0.48375861594620345,36955.566868251175
kwiatek-60.png,kmeans,19,0.4770977972253128,36993.33014025338
kwiatek-60.png,kmeans,20,0.46755640402714577,36275.099104754176
kwiatek-60.png,kmedoids,5,0.5261060411060405,30592.30189453105
kwiatek-60.png,kmedoids,6,0.503533496509618,32540.061583123683
kwiatek-60.png,kmedoids,7,0.4991475643964775,32204.827123367122
kwiatek-60.png,kmedoids,8,0.5042479753603646,31953.392761268653
kwiatek-60.png,kmedoids,9,0.5082937237433625,34197.13950511559
kwiatek-60.png,kmedoids,10,0.4978731371854357,34709.51090225192
kwiatek-60.png,kmedoids,11,0.4930242548897775,35706.51293917771
kwiatek-60.png,kmedoids,12,0.4744413958084054,35201.277687466354
kwiatek-60.png,kmedoids,13,0.4481648470629579,33597.81140250251
kwiatek-60.png,kmedoids,14,0.444914468647013,33667.486873037604
kwiatek-60.png,kmedoids,15,0.4290868960410272,33416.516412830606
kwiatek-60.png,kmedoids,16,0.42446932154408323,33541.84483232642
kwiatek-60.png,kmedoids,17,0.4039851381017138,32937.39370891904
kwiatek-60.png,kmedoids,18,0.3950297792296632,32947.493309346755
kwiatek-60.png,kmedoids,19,0.39688026962407075,33787.97122942334
kwiatek-60.png,kmedoids,20,0.39567759410863074,34093.282154945155
kwiatek-61.png,kmeans,5,0.5942128752988443,20897.442694037883
kwiatek-61.png,kmeans,6,0.5432015128581151,21752.86179034123
kwiatek-61.png,kmeans,7,0.4873921852881374,22411.317200390877
kwiatek-61.png,kmeans,8,0.4776193154793328,23121.918358199786
kwiatek-61.png,kmeans,9,0.49136152878741635,23493.59220721666
kwiatek-61.png,kmeans,10,0.4848052310028746,23507.78056797479
kwiatek-61.png,kmeans,11,0.4764164039323638,23701.2530588773
kwiatek-61.png,kmeans,12,0.4599417546679113,24090.646405404626
kwiatek-61.png,kmeans,13,0.4517039836998342,24614.00015846901
kwiatek-61.png,kmeans,14,0.44035938211216463,24623.977238090883
kwiatek-61.png,kmeans,15,0.4282372244237041,24552.9288786771
kwiatek-61.png,kmeans,16,0.4265815633008378,24448.485746205526
kwiatek-61.png,kmeans,17,0.418220889987612,24394.862940711562
kwiatek-61.png,kmeans,18,0.4101402838840347,24427.973251179537
kwiatek-61.png,kmeans,19,0.4170124833097219,24544.845460468772
kwiatek-61.png,kmeans,20,0.4129586398012874,24468.848154482235
kwiatek-61.png,kmedoids,5,0.48901799011236796,20448.22902820228
kwiatek-61.png,kmedoids,6,0.47603896240161514,20737.387701858734
kwiatek-61.png,kmedoids,7,0.46314446823297073,22012.15583830704
kwiatek-61.png,kmedoids,8,0.41693853338548337,21349.98196432487
kwiatek-61.png,kmedoids,9,0.40499290404690036,21577.328203934547
kwiatek-61.png,kmedoids,10,0.4223929181052622,22940.720967564634
kwiatek-61.png,kmedoids,11,0.383961254847159,21425.95002812747
kwiatek-61.png,kmedoids,12,0.39186524089330704,21627.70137351921
kwiatek-61.png,kmedoids,13,0.4014268670115982,22457.84025459122
kwiatek-61.png,kmedoids,14,0.40765107652237303,22787.074460818705
kwiatek-61.png,kmedoids,15,0.397623346417112,23267.748967669606
kwiatek-61.png,kmedoids,16,0.4020621929480674,23703.45243545375
kwiatek-61.png,kmedoids,17,0.39726207003252545,23629.01872614055
kwiatek-61.png,kmedoids,18,0.3796451420146635,23230.517747266214
kwiatek-61.png,kmedoids,19,0.3713785001497304,23005.532394299247
kwiatek-61.png,kmedoids,20,0.3740511554348848,23067.159858343024
kwiatek-62.png,kmeans,5,0.595570405303733,18698.00818177059
kwiatek-62.png,kmeans,6,0.5526068531258885,17891.174528273128
kwiatek-62.png,kmeans,7,0.5425314062357998,18237.462041711744
kwiatek-62.png,kmeans,8,0.5304520707129612,18253.842769137977
kwiatek-62.png,kmeans,9,0.5136825627812536,18251.11149937185
kwiatek-62.png,kmeans,10,0.5037481501679479,18284.04256347097
kwiatek-62.png,kmeans,11,0.49684320661546344,18316.842694413233
kwiatek-62.png,kmeans,12,0.4987473780052379,18682.275692457282
kwiatek-62.png,kmeans,13,0.4839398363783246,18681.681438705098
kwiatek-62.png,kmeans,14,0.4710642880375132,18631.840099910005
kwiatek-62.png,kmeans,15,0.4601032369170775,18501.231096226507
kwiatek-62.png,kmeans,16,0.4651993302538807,18126.74177831219
kwiatek-62.png,kmeans,17,0.455374983166163,17975.524006554107
kwiatek-62.png,kmeans,18,0.4573402273176098,17902.289305332615
kwiatek-62.png,kmeans,19,0.45854358335524603,17927.618445664048
kwiatek-62.png,kmeans,20,0.4496651367300598,17743.437821718853
kwiatek-62.png,kmedoids,5,0.5345005890608698,15504.803562294133
kwiatek-62.png,kmedoids,6,0.5301135331185641,16906.33254082468
kwiatek-62.png,kmedoids,7,0.5399388062050724,18242.863189992408
kwiatek-62.png,kmedoids,8,0.5178627100929981,17964.495649827153
kwiatek-62.png,kmedoids,9,0.467446614904122,17480.77754827711
kwiatek-62.png,kmedoids,10,0.4023477317260394,17275.02900086619
kwiatek-62.png,kmedoids,11,0.40104704659790774,16598.68177725724
kwiatek-62.png,kmedoids,12,0.4043666843353161,16888.61091644539
kwiatek-62.png,kmedoids,13,0.4099018320312172,17239.93102205851
kwiatek-62.png,kmedoids,14,0.4070583736997385,17809.140812315814
kwiatek-62.png,kmedoids,15,0.4093397916612999,17914.1944757531
kwiatek-62.png,kmedoids,16,0.4009243476609744,17860.350986736994
kwiatek-62.png,kmedoids,17,0.38262759597570295,17449.18691680596
kwiatek-62.png,kmedoids,18,0.38079467989600996,17473.136491916375
kwiatek-62.png,kmedoids,19,0.378225031571486,17209.28151212944
kwiatek-62.png,kmedoids,20,0.3789240388293695,17092.43120879298
kwiatek-63.png,kmeans,5,0.4984535888773472,20246.114856010863
kwiatek-63.png,kmeans,6,0.506066244671153,20706.94774468392
kwiatek-63.png,kmeans,7,0.4982287559248141,20195.593105893822
kwiatek-63.png,kmeans,8,0.5046359069010667,19748.47088662496
kwiatek-63.png,kmeans,9,0.4939209731091213,19392.118618913126
kwiatek-63.png,kmeans,10,0.48337415096437414,19442.84108488643
kwiatek-63.png,kmeans,11,0.47933267035512744,19413.09342383097
kwiatek-63.png,kmeans,12,0.46403417130087876,19218.809720699057
kwiatek-63.png,kmeans,13,0.4611080229731545,18799.928297002418
kwiatek-63.png,kmeans,14,0.46035629034351533,18758.328338101303
kwiatek-63.png,kmeans,15,0.4525605267343959,18537.58331291091
kwiatek-63.png,kmeans,16,0.44539081292065585,18421.846849872898
kwiatek-63.png,kmeans,17,0.44277846241170027,18153.034555223614
kwiatek-63.png,kmeans,18,0.44363533834663327,18029.82141163782
kwiatek-63.png,kmeans,19,0.4395236551532634,17956.371424181438
kwiatek-63.png,kmeans,20,0.4398879817143576,17811.126322775843
kwiatek-63.png,kmedoids,5,0.4941146160725893,19741.406323279698
kwiatek-63.png,kmedoids,6,0.47866422783975987,20375.29899429976
kwiatek-63.png,kmedoids,7,0.4795139983407572,19835.85080775594
kwiatek-63.png,kmedoids,8,0.47369033134467464,19000.6691709877
kwiatek-63.png,kmedoids,9,0.4617630470371224,18789.167296901203
kwiatek-63.png,kmedoids,10,0.4815189125158629,19464.2247225837
kwiatek-63.png,kmedoids,11,0.47345311939301127,19186.168418817626
kwiatek-63.png,kmedoids,12,0.41086583673616534,18252.83880876202
kwiatek-63.png,kmedoids,13,0.38516902419730836,18012.324576821302
kwiatek-63.png,kmedoids,14,0.376799618970065,17934.869610916896
kwiatek-63.png,kmedoids,15,0.38246792543922814,17640.90446318008
kwiatek-63.png,kmedoids,16,0.3703591305556206,17154.34082486594
kwiatek-63.png,kmedoids,17,0.3617920361197342,16762.78261787281
kwiatek-63.png,kmedoids,18,0.3614839942966092,16559.660242473783
kwiatek-63.png,kmedoids,19,0.364978377138665,16588.66988202165
kwiatek-63.png,kmedoids,20,0.3645117290741938,16720.582197660027
kwiatek-64.png,kmeans,5,0.4951126719819022,29350.942139544488
kwiatek-64.png,kmeans,6,0.4902423109073245,27941.22266552277
kwiatek-64.png,kmeans,7,0.4907411717750085,27714.09073529574
kwiatek-64.png,kmeans,8,0.4666912673299672,27547.89351883383
kwiatek-64.png,kmeans,9,0.4644071022726167,27742.672874506494
kwiatek-64.png,kmeans,10,0.4562820688069406,27578.234200719868
kwiatek-64.png,kmeans,11,0.4450487354427688,28344.93521124179
kwiatek-64.png,kmeans,12,0.44381071907841446,28553.763704165678
kwiatek-64.png,kmeans,13,0.43749405218456683,28896.630269748497
kwiatek-64.png,kmeans,14,0.42751194193962955,28686.205964210712
kwiatek-64.png,kmeans,15,0.41481659863984915,28420.184898225263
kwiatek-64.png,kmeans,16,0.41263812591618576,28851.22594791585
kwiatek-64.png,kmeans,17,0.4059092156259405,28828.77168227437
kwiatek-64.png,kmeans,18,0.4051089775596931,28571.13085683206
kwiatek-64.png,kmeans,19,0.39980572910105305,28312.332292220563
kwiatek-64.png,kmeans,20,0.3956229602049911,27666.863304034225
kwiatek-64.png,kmedoids,5,0.494960819628936,28782.649330525914
kwiatek-64.png,kmedoids,6,0.47950770761392747,28158.527321213354
kwiatek-64.png,kmedoids,7,0.48424516257474226,27069.64876057834
kwiatek-64.png,kmedoids,8,0.4679527874858932,27409.451630299583
kwiatek-64.png,kmedoids,9,0.44343328283563094,27221.744723210228
kwiatek-64.png,kmedoids,10,0.4195983882242992,27561.62800579014
kwiatek-64.png,kmedoids,11,0.41028200977917645,27231.617376617058
kwiatek-64.png,kmedoids,12,0.4147761663681604,28206.922658853793
kwiatek-64.png,kmedoids,13,0.4173999167685987,27749.226397758197
kwiatek-64.png,kmedoids,14,0.41434278333608016,27713.70462292477
kwiatek-64.png,kmedoids,15,0.4134205831054613,28050.484769977465
kwiatek-64.png,kmedoids,16,0.4003174017889811,28266.115722563154
kwiatek-64.png,kmedoids,17,0.3939553863635078,27985.33515478432
kwiatek-64.png,kmedoids,18,0.3736331535172644,27306.69870197667
kwiatek-64.png,kmedoids,19,0.3670444049177943,26524.54762041034
kwiatek-64.png,kmedoids,20,0.3630979075252557,26215.917082261283
kwiatek-65.png,kmeans,5,0.5245986475105047,17981.086171231844
kwiatek-65.png,kmeans,6,0.46732963830355834,18356.17292134947
kwiatek-65.png,kmeans,7,0.44051388358365096,17893.28106599714
kwiatek-65.png,kmeans,8,0.42021384843835624,17746.62142358868
kwiatek-65.png,kmeans,9,0.4071945690188398,17607.223530483992
kwiatek-65.png,kmeans,10,0.3896790936814141,17185.166216780457
kwiatek-65.png,kmeans,11,0.3845741077227661,17438.106321199128
kwiatek-65.png,kmeans,12,0.38862540758841757,17740.434719403354
kwiatek-65.png,kmeans,13,0.375230238915366,17432.740674756267
kwiatek-65.png,kmeans,14,0.3761212330194008,17364.310092222477
kwiatek-65.png,kmeans,15,0.36764934937648847,16914.3425595904
kwiatek-65.png,kmeans,16,0.3617956869980634,16630.854204524047
kwiatek-65.png,kmeans,17,0.3625073751076339,16279.842584611168
kwiatek-65.png,kmeans,18,0.3483064839945238,16014.935487227267
kwiatek-65.png,kmeans,19,0.34702637584440804,15820.383686556355
kwiatek-65.png,kmeans,20,0.3453002030191689,15573.84841279976
kwiatek-65.png,kmedoids,5,0.4464673894525341,14481.93241490479
kwiatek-65.png,kmedoids,6,0.4464345931086157,17576.554603672317
kwiatek-65.png,kmedoids,7,0.41074129198421383,17198.617724804175
kwiatek-65.png,kmedoids,8,0.38632362657237873,16757.262119773717
kwiatek-65.png,kmedoids,9,0.370995560194329,16259.599274292563
kwiatek-65.png,kmedoids,10,0.3666814754768441,16374.128063487999
kwiatek-65.png,kmedoids,11,0.35060976577602954,16143.346904696591
kwiatek-65.png,kmedoids,12,0.3484199838932758,16725.536869124633
kwiatek-65.png,kmedoids,13,0.3415218250477037,16471.40189058964
kwiatek-65.png,kmedoids,14,0.3325910798237537,15910.200691987073
kwiatek-65.png,kmedoids,15,0.327268505373166,16063.796319836305
kwiatek-65.png,kmedoids,16,0.3259802740472347,16459.098581635837
kwiatek-65.png,kmedoids,17,0.3128721369380853,15892.570756360714
kwiatek-65.png,kmedoids,18,0.31471551810661724,15583.56266946464
kwiatek-65.png,kmedoids,19,0.3086621357955891,15285.454812529619
kwiatek-65.png,kmedoids,20,0.3052824611698471,14904.556588321804
kwiatek-66.png,kmeans,5,0.5706602971216505,23311.756505672405
kwiatek-66.png,kmeans,6,0.5574952850771144,24416.00059853041
kwiatek-66.png,kmeans,7,0.5583808554681884,25363.007230460127
kwiatek-66.png,kmeans,8,0.5492545294607021,26069.90241393609
kwiatek-66.png,kmeans,9,0.5367349819856659,26075.385726392626
kwiatek-66.png,kmeans,10,0.5314640075372699,26189.851931253823
kwiatek-66.png,kmeans,11,0.5272056187623535,27262.122325786295
kwiatek-66.png,kmeans,12,0.5145067967869206,27331.60047246964
kwiatek-66.png,kmeans,13,0.5118214815663215,26998.134421754035
kwiatek-66.png,kmeans,14,0.5083603798700669,26468.34298250701
kwiatek-66.png,kmeans,15,0.512272590090739,26749.31360845355
kwiatek-66.png,kmeans,16,0.510239565790366,26715.061865935346
kwiatek-66.png,kmeans,17,0.5102826302712093,26584.896675018514
kwiatek-66.png,kmeans,18,0.5079393959425047,26437.442757784702
kwiatek-66.png,kmeans,19,0.506014949106665,26184.58237221755
kwiatek-66.png,kmeans,20,0.5017748914063807,26078.679427210114
kwiatek-66.png,kmedoids,5,0.5257510763780701,23000.027363607333
kwiatek-66.png,kmedoids,6,0.5423026655016533,22753.95855272816
kwiatek-66.png,kmedoids,7,0.5179859141271443,22425.12912074696
kwiatek-66.png,kmedoids,8,0.5031885491976913,23714.27458247387
kwiatek-66.png,kmedoids,9,0.5128536495479593,24377.264687547977
kwiatek-66.png,kmedoids,10,0.5201089184627827,25268.839650091646
kwiatek-66.png,kmedoids,11,0.5108635426583366,25612.64461973086
kwiatek-66.png,kmedoids,12,0.5015376633716699,24956.071738627274
kwiatek-66.png,kmedoids,13,0.4927012966763461,24589.7371729683
kwiatek-66.png,kmedoids,14,0.4877373511680879,24265.292657523987
kwiatek-66.png,kmedoids,15,0.4841881172897725,24023.10771411639
kwiatek-66.png,kmedoids,16,0.4796210403010529,23813.635545385594
kwiatek-66.png,kmedoids,17,0.4810715204448276,24292.638671040004
kwiatek-66.png,kmedoids,18,0.4824473374956679,24468.81233963598
kwiatek-66.png,kmedoids,19,0.47174176917402555,23574.88840739083
kwiatek-66.png,kmedoids,20,0.46922309322662475,23433.040208023293
kwiatek-67.png,kmeans,5,0.4084627679301403,10306.612146196172
kwiatek-67.png,kmeans,6,0.4005511236161151,10228.161947154449
kwiatek-67.png,kmeans,7,0.4027863089549063,10523.209468663841
kwiatek-67.png,kmeans,8,0.39333277662337596,10639.503696352178
kwiatek-67.png,kmeans,9,0.3943219315113787,10592.069766775787
kwiatek-67.png,kmeans,10,0.3945939025416985,10388.898085008352
kwiatek-67.png,kmeans,11,0.39117126931876983,10448.116884892195
kwiatek-67.png,kmeans,12,0.3902723468433348,10243.680578751804
kwiatek-67.png,kmeans,13,0.39126532823204524,10363.273022922414
kwiatek-67.png,kmeans,14,0.39435301337462225,10329.59689695438
kwiatek-67.png,kmeans,15,0.3942945410023511,10257.994765315081
kwiatek-67.png,kmeans,16,0.39479095163721717,10278.040365534707
kwiatek-67.png,kmeans,17,0.39286849006973557,10234.005196483733
kwiatek-67.png,kmeans,18,0.38915077499979256,10201.683894224294
kwiatek-67.png,kmeans,19,0.3857645403911268,10229.825309166446
kwiatek-67.png,kmeans,20,0.38506170266149103,10233.742923538954
kwiatek-67.png,kmedoids,5,0.3788929190196816,9590.65269354318
kwiatek-67.png,kmedoids,6,0.38746011133340313,9686.33286789929
kwiatek-67.png,kmedoids,7,0.3851851159995424,9511.94209171406
kwiatek-67.png,kmedoids,8,0.3849166979815245,9754.59029252068
kwiatek-67.png,kmedoids,9,0.38610977868699886,9886.902937091008
kwiatek-67.png,kmedoids,10,0.3874393350085231,10345.682441029003
kwiatek-67.png,kmedoids,11,0.38521312978880634,10115.662023751076
kwiatek-67.png,kmedoids,12,0.37287917573214835,9889.436386648344
kwiatek-67.png,kmedoids,13,0.36790258561099964,9840.111679204821
kwiatek-67.png,kmedoids,14,0.36126796054938504,9708.624933553516
kwiatek-67.png,kmedoids,15,0.35986867264944494,9510.410686093233
kwiatek-67.png,kmedoids,16,0.35458664429814774,9328.095616923914
kwiatek-67.png,kmedoids,17,0.3567403717143093,9244.27843577063
kwiatek-67.png,kmedoids,18,0.35838516430950684,9162.581823186089
kwiatek-67.png,kmedoids,19,0.3594983766054319,9095.341598866904
kwiatek-67.png,kmedoids,20,0.36358998756270167,9150.02620706835
kwiatek-68.png,kmeans,5,0.43104028612707845,24262.965211722993
kwiatek-68.png,kmeans,6,0.44664605821102404,25630.449308056377
kwiatek-68.png,kmeans,7,0.4388190885604225,24836.694310903018
kwiatek-68.png,kmeans,8,0.43633371902277285,24751.213342200328
kwiatek-68.png,kmeans,9,0.4284821845154697,24312.06581162216
kwiatek-68.png,kmeans,10,0.4091131610148608,23498.684676444514
kwiatek-68.png,kmeans,11,0.4085107017042778,24393.446696908017
kwiatek-68.png,kmeans,12,0.4013075560038116,24476.896583182886
kwiatek-68.png,kmeans,13,0.3996849779762641,24073.402898597436
kwiatek-68.png,kmeans,14,0.3980997431733215,23887.158737381786
kwiatek-68.png,kmeans,15,0.3953460915009416,23929.92581494658
kwiatek-68.png,kmeans,16,0.3889923971120366,23465.938049609074
kwiatek-68.png,kmeans,17,0.38306717896203,23343.055414791266
kwiatek-68.png,kmeans,18,0.383863569924079,23225.6378109074
kwiatek-68.png,kmeans,19,0.37384961835019437,22814.012374938677
kwiatek-68.png,kmeans,20,0.3712403863480005,22616.52071756818
kwiatek-68.png,kmedoids,5,0.3967325344495895,23685.12815218953
kwiatek-68.png,kmedoids,6,0.404223424943293,22495.435549968344
kwiatek-68.png,kmedoids,7,0.39961681852317754,23576.703276047232
kwiatek-68.png,kmedoids,8,0.416995179567295,24395.005722560796
kwiatek-68.png,kmedoids,9,0.403723126873305,23556.95464540687
kwiatek-68.png,kmedoids,10,0.3984108197193842,23580.958060703008
kwiatek-68.png,kmedoids,11,0.3726719159724795,23296.93156720486
kwiatek-68.png,kmedoids,12,0.3773163097596076,23069.739001140017
kwiatek-68.png,kmedoids,13,0.37626200599460585,23469.63521260948
kwiatek-68.png,kmedoids,14,0.373179539337383,22847.4017203317
kwiatek-68.png,kmedoids,15,0.3649129640154584,22686.63565165039
kwiatek-68.png,kmedoids,16,0.363972780471985,22744.723625996045
kwiatek-68.png,kmedoids,17,0.34413418996662487,22206.225622242444
kwiatek-68.png,kmedoids,18,0.32369482514480097,22327.755943753516
kwiatek-68.png,kmedoids,19,0.32348943466675883,22112.388926734035
kwiatek-68.png,kmedoids,20,0.3201539335925034,21565.7838506224
kwiatek-69.png,kmeans,5,0.7148040804655251,96490.15552968085
kwiatek-69.png,kmeans,6,0.6321638738441989,96662.35001662301
kwiatek-69.png,kmeans,7,0.593581976189621,97376.27510111693
kwiatek-69.png,kmeans,8,0.5202846160848151,99748.64607904569
kwiatek-69.png,kmeans,9,0.506635911802311,97950.21460779893
kwiatek-69.png,kmeans,10,0.49280712420618744,97786.26675932317
kwiatek-69.png,kmeans,11,0.4811009575953819,98311.03095108559
kwiatek-69.png,kmeans,12,0.47679145682077256,97444.80698291861
kwiatek-69.png,kmeans,13,0.4632964027617218,97463.64109859653
kwiatek-69.png,kmeans,14,0.4512247678716069,98036.80183514208
kwiatek-69.png,kmeans,15,0.44917477953765744,97636.93301172827
kwiatek-69.png,kmeans,16,0.44389711010353705,97273.62459937905
kwiatek-69.png,kmeans,17,0.44236434022322085,97057.17075628488
kwiatek-69.png,kmeans,18,0.44010414810629034,96851.36173467163
kwiatek-69.png,kmeans,19,0.43941904335329446,97403.05231868222
kwiatek-69.png,kmeans,20,0.4390705812366276,98324.88813507803
kwiatek-69.png,kmedoids,5,0.522835018172751,82675.34530621555
kwiatek-69.png,kmedoids,6,0.5153235270276777,92910.81109606996
kwiatek-69.png,kmedoids,7,0.507037958504257,97557.34579091938
kwiatek-69.png,kmedoids,8,0.44187116655987485,89097.37813155701
kwiatek-69.png,kmedoids,9,0.44097261724772663,91148.3634709137
kwiatek-69.png,kmedoids,10,0.4425055217843451,95356.42788980024
kwiatek-69.png,kmedoids,11,0.4325239307764569,91748.66965151315
kwiatek-69.png,kmedoids,12,0.4199214170625322,90012.09395933307
kwiatek-69.png,kmedoids,13,0.41330116414173423,88962.58927032354
kwiatek-69.png,kmedoids,14,0.40158012297235174,89269.3996424517
kwiatek-69.png,kmedoids,15,0.3950772951515661,88113.19070479363
kwiatek-69.png,kmedoids,16,0.3825556937867011,87038.39677224732
kwiatek-69.png,kmedoids,17,0.3755996547372496,86551.94029656253
kwiatek-69.png,kmedoids,18,0.3728831667486041,87270.66456563942
kwiatek-69.png,kmedoids,19,0.37452539653133554,86918.06796088364
kwiatek-69.png,kmedoids,20,0.38306373645387837,85338.99650553256
kwiatek-7.png,kmeans,5,0.5105596478035292,22190.297115577687
kwiatek-7.png,kmeans,6,0.49769359039361605,22294.97832605947
kwiatek-7.png,kmeans,7,0.49185364047646407,22769.698571943874
kwiatek-7.png,kmeans,8,0.4759452658695185,24415.374628364843
kwiatek-7.png,kmeans,9,0.4501348891398411,23842.21548055339
kwiatek-7.png,kmeans,10,0.43487073412860855,22876.857786080534
kwiatek-7.png,kmeans,11,0.42939691729791407,22581.056297664985
kwiatek-7.png,kmeans,12,0.4254687552245281,23401.358509342423
kwiatek-7.png,kmeans,13,0.41499442552509275,23299.064335116407
kwiatek-7.png,kmeans,14,0.41325152876058,23254.095381244762
kwiatek-7.png,kmeans,15,0.41567349190299946,23333.246877578385
kwiatek-7.png,kmeans,16,0.4214976871130952,23413.447392965307
kwiatek-7.png,kmeans,17,0.41922907250934094,23425.39054270568
kwiatek-7.png,kmeans,18,0.41738555886576645,23658.85630662405
kwiatek-7.png,kmeans,19,0.4081811639880377,23530.96119044345
kwiatek-7.png,kmeans,20,0.40798122057312386,23633.739010622598
kwiatek-7.png,kmedoids,5,0.4932488874810166,20885.8695407954
kwiatek-7.png,kmedoids,6,0.4847822034463373,22232.72705840061
kwiatek-7.png,kmedoids,7,0.45113684398373904,21629.410629648373
kwiatek-7.png,kmedoids,8,0.435427679278364,22145.831876567496
kwiatek-7.png,kmedoids,9,0.4318463521302018,22944.46639648381
kwiatek-7.png,kmedoids,10,0.428413957461518,24158.643144089187
kwiatek-7.png,kmedoids,11,0.42227164311594406,23142.866470883604
kwiatek-7.png,kmedoids,12,0.41542742866281585,22599.19572452394
kwiatek-7.png,kmedoids,13,0.40884752125376833,22372.343151742953
kwiatek-7.png,kmedoids,14,0.40575899386434433,21847.472065700287
kwiatek-7.png,kmedoids,15,0.39455018397549135,21650.478149321436
kwiatek-7.png,kmedoids,16,0.403464117687241,21968.00939829481
kwiatek-7.png,kmedoids,17,0.4002578161595869,21656.412734743288
kwiatek-7.png,kmedoids,18,0.3936415757666448,22057.80139228566
kwiatek-7.png,kmedoids,19,0.39055912159214085,22835.177230910314
kwiatek-7.png,kmedoids,20,0.3838601574034809,22600.232909617836
kwiatek-70.png,kmeans,5,0.47007158958955453,25477.453360748175
kwiatek-70.png,kmeans,6,0.4440296494236888,27670.0803393085
kwiatek-70.png,kmeans,7,0.42089039536460665,28649.549458520916
kwiatek-70.png,kmeans,8,0.4026097807767015,29156.89128847693
kwiatek-70.png,kmeans,9,0.38590844867479995,29742.31638275729
kwiatek-70.png,kmeans,10,0.3681518323134772,29436.55566986005
kwiatek-70.png,kmeans,11,0.34515718193973166,28948.958766742617
kwiatek-70.png,kmeans,12,0.33452733633244197,28730.574042089935
kwiatek-70.png,kmeans,13,0.32612577250649893,27878.398773304285
kwiatek-70.png,kmeans,14,0.3244316960796474,27144.060062384593
kwiatek-70.png,kmeans,15,0.3196475650907826,26452.730805534964
kwiatek-70.png,kmeans,16,0.318679269128012,25923.960047458284
kwiatek-70.png,kmeans,17,0.3118398687015776,25407.78273151213
kwiatek-70.png,kmeans,18,0.3101902296945441,25315.755828647005
kwiatek-70.png,kmeans,19,0.30726964228594095,24914.811016482272
kwiatek-70.png,kmeans,20,0.3023860753176796,24489.75112516042
kwiatek-70.png,kmedoids,5,0.43360441629087515,21056.251996926243
kwiatek-70.png,kmedoids,6,0.4129414181384451,22268.66553348373
kwiatek-70.png,kmedoids,7,0.3949880343907982,23923.93429772772
kwiatek-70.png,kmedoids,8,0.388551414477628,27017.58309037837
kwiatek-70.png,kmedoids,9,0.36881481695867746,27538.812508131145
kwiatek-70.png,kmedoids,10,0.34724381052610276,27166.798983441066
kwiatek-70.png,kmedoids,11,0.3350446004295353,26698.895758423656
kwiatek-70.png,kmedoids,12,0.32546481918078035,26043.930674587282
kwiatek-70.png,kmedoids,13,0.31891451128736004,26310.110701126454
kwiatek-70.png,kmedoids,14,0.3170983577695713,26275.99211432294
kwiatek-70.png,kmedoids,15,0.31505219860080846,25507.543560486523
kwiatek-70.png,kmedoids,16,0.3113186649825016,25383.81214578836
kwiatek-70.png,kmedoids,17,0.30782915562688,25103.166083464726
kwiatek-70.png,kmedoids,18,0.30521344053521177,24423.614235919136
kwiatek-70.png,kmedoids,19,0.3024256114812551,24124.610714028302
kwiatek-70.png,kmedoids,20,0.2976259365676095,23817.594736685416
kwiatek-71.png,kmeans,5,0.4065787148806706,25231.132480836142
kwiatek-71.png,kmeans,6,0.3731878327562101,24732.69322521583
kwiatek-71.png,kmeans,7,0.3526493776489091,23467.068994725363
kwiatek-71.png,kmeans,8,0.33150540670783096,21943.98913459619
kwiatek-71.png,kmeans,9,0.3279143722947703,20843.38257241986
kwiatek-71.png,kmeans,10,0.3339485734393208,20274.038954740787
kwiatek-71.png,kmeans,11,0.3292731066205007,20170.245735020108
kwiatek-71.png,kmeans,12,0.33511797385742326,20680.67986205166
kwiatek-71.png,kmeans,13,0.3383289499041049,20585.14609926818
kwiatek-71.png,kmeans,14,0.3409485813456857,20624.2308233968
kwiatek-71.png,kmeans,15,0.3353691421106312,20380.44857248966
kwiatek-71.png,kmeans,16,0.3321327468698678,20317.394292478675
kwiatek-71.png,kmeans,17,0.3291494275060719,20149.21537284666
kwiatek-71.png,kmeans,18,0.3277809987363832,20085.555622097738
kwiatek-71.png,kmeans,19,0.32440338813195146,20050.155397278686
kwiatek-71.png,kmeans,20,0.32253540653968665,20049.96602576288
kwiatek-71.png,kmedoids,5,0.3760533114848676,23869.515689022293
kwiatek-71.png,kmedoids,6,0.35803220675710884,23672.39577300506
kwiatek-71.png,kmedoids,7,0.33732903686731724,22413.537792547573
kwiatek-71.png,kmedoids,8,0.34009952561350115,21777.602067953972
kwiatek-71.png,kmedoids,9,0.33056959512707185,20498.74131303653
kwiatek-71.png,kmedoids,10,0.3299290854322697,19406.39339485197
kwiatek-71.png,kmedoids,11,0.32749729757163576,18987.546274190325
kwiatek-71.png,kmedoids,12,0.32460227577175715,18414.102625184103
kwiatek-71.png,kmedoids,13,0.32406741145039003,18049.54170921567
kwiatek-71.png,kmedoids,14,0.3231383326003276,18266.608758568385
kwiatek-71.png,kmedoids,15,0.3222126088942311,18602.302446532172
kwiatek-71.png,kmedoids,16,0.3170830811609216,18324.46725889734
kwiatek-71.png,kmedoids,17,0.31865949689305384,19456.832924990984
kwiatek-71.png,kmedoids,18,0.31482128929310005,19217.359138277843
kwiatek-71.png,kmedoids,19,0.30519742646060816,18824.3160970254
kwiatek-71.png,kmedoids,20,0.3030991070125714,18419.57415872242
kwiatek-72.png,kmeans,5,0.7095800558886234,126315.29630018766
kwiatek-72.png,kmeans,6,0.5679371097366126,130420.16698773726
kwiatek-72.png,kmeans,7,0.4736466514817372,143824.84378957073
kwiatek-72.png,kmeans,8,0.46903337897753217,146152.25196930562
kwiatek-72.png,kmeans,9,0.4588925927029795,149491.5494247466
kwiatek-72.png,kmeans,10,0.44224359135183977,149032.23519570712
kwiatek-72.png,kmeans,11,0.42195574096000465,148078.60052461186
kwiatek-72.png,kmeans,12,0.4011184439028823,146671.31529940508
kwiatek-72.png,kmeans,13,0.38321321058669783,143441.86422590766
kwiatek-72.png,kmeans,14,0.3814284592624633,142759.58039027365
kwiatek-72.png,kmeans,15,0.37195952625740264,142031.17494661539
kwiatek-72.png,kmeans,16,0.3675000418280101,139923.00981530597
kwiatek-72.png,kmeans,17,0.3689429174708376,137648.7280438059
kwiatek-72.png,kmeans,18,0.36129782318960124,136560.4862711039
kwiatek-72.png,kmeans,19,0.3564469764824769,135134.9506978726
kwiatek-72.png,kmeans,20,0.3466522480190886,134571.9068621548
kwiatek-72.png,kmedoids,5,0.4639140915701089,121982.37590672003
kwiatek-72.png,kmedoids,6,0.44955788066684715,121978.92958040404
kwiatek-72.png,kmedoids,7,0.42323592212172034,124382.6272602067
kwiatek-72.png,kmedoids,8,0.42379517007311807,138266.24723813243
kwiatek-72.png,kmedoids,9,0.3723758896390071,129030.10907267504
kwiatek-72.png,kmedoids,10,0.37349351653183954,138924.90235139118
kwiatek-72.png,kmedoids,11,0.365160027195507,139060.16335302294
kwiatek-72.png,kmedoids,12,0.3467277208915491,136725.56648832903
kwiatek-72.png,kmedoids,13,0.3238425918520629,131918.97439883166
kwiatek-72.png,kmedoids,14,0.3179380766271329,130497.51077146964
kwiatek-72.png,kmedoids,15,0.3200911192162762,127430.57630286095
kwiatek-72.png,kmedoids,16,0.32249166790019224,127170.37816209446
kwiatek-72.png,kmedoids,17,0.32179103393369257,129459.86653105449
kwiatek-72.png,kmedoids,18,0.31383707625120444,125617.64764881782
kwiatek-72.png,kmedoids,19,0.3019479135747966,124052.72245190843
kwiatek-72.png,kmedoids,20,0.304532935426269,121931.47471849092
kwiatek-73.png,kmeans,5,0.7527533031758127,73794.27442430884
kwiatek-73.png,kmeans,6,0.7076698600628485,74553.54809535244
kwiatek-73.png,kmeans,7,0.6403883906246264,74994.20116290393
kwiatek-73.png,kmeans,8,0.5930687214145672,76001.77201350218
kwiatek-73.png,kmeans,9,0.5728423183119521,77174.55053076865
kwiatek-73.png,kmeans,10,0.5700067175397445,76488.76155275144
kwiatek-73.png,kmeans,11,0.5613835688523181,77639.7572488812
kwiatek-73.png,kmeans,12,0.5249111668315003,77108.14152718826
kwiatek-73.png,kmeans,13,0.5089809668591366,77916.5545279696
kwiatek-73.png,kmeans,14,0.5095471072652363,78796.64314708441
kwiatek-73.png,kmeans,15,0.509266395002706,80553.45424955041
kwiatek-73.png,kmeans,16,0.4853700800856172,81970.15599432531
kwiatek-73.png,kmeans,17,0.47812458654980966,81055.89817403334
kwiatek-73.png,kmeans,18,0.4708240835641879,81432.30457427136
kwiatek-73.png,kmeans,19,0.4712666211671411,82039.42582646909
kwiatek-73.png,kmeans,20,0.46222895529792796,81491.80410997548
kwiatek-73.png,kmedoids,5,0.5568213150603152,60786.75830698584
kwiatek-73.png,kmedoids,6,0.5475836901712251,68210.16611598775
kwiatek-73.png,kmedoids,7,0.5224354210604547,70509.12440168129
kwiatek-73.png,kmedoids,8,0.4532392641870152,66334.43389990048
kwiatek-73.png,kmedoids,9,0.44636459690969205,69591.01317038167
kwiatek-73.png,kmedoids,10,0.44542773499174937,71337.51981357628
kwiatek-73.png,kmedoids,11,0.4420120007639028,68538.96314515735
kwiatek-73.png,kmedoids,12,0.4399533714531806,70233.55197603742
kwiatek-73.png,kmedoids,13,0.43673814848629516,71007.86122684347
kwiatek-73.png,kmedoids,14,0.41879139471601634,69239.32918706333
kwiatek-73.png,kmedoids,15,0.4184524987771323,70625.3086226884
kwiatek-73.png,kmedoids,16,0.41062818773310683,70342.08639840472
kwiatek-73.png,kmedoids,17,0.40414028137341856,70452.78328430778
kwiatek-73.png,kmedoids,18,0.40135168373433566,71578.44974554497
kwiatek-73.png,kmedoids,19,0.39978076036192767,72915.99034804117
kwiatek-73.png,kmedoids,20,0.3986819182272452,74760.8627418183
kwiatek-74.png,kmeans,5,0.7122948690084242,81532.36148997009
kwiatek-74.png,kmeans,6,0.6429895274310864,85047.65848308352
kwiatek-74.png,kmeans,7,0.5809256095678939,88659.10042275456
kwiatek-74.png,kmeans,8,0.5784692882009981,87956.7173643435
kwiatek-74.png,kmeans,9,0.5706703591476319,86422.9063137702
kwiatek-74.png,kmeans,10,0.5576832216197724,86155.5003486819
kwiatek-74.png,kmeans,11,0.5481118662448725,87477.73547399827
kwiatek-74.png,kmeans,12,0.5319612127760418,86973.57043225317
kwiatek-74.png,kmeans,13,0.5004137488826605,87262.57696595513
kwiatek-74.png,kmeans,14,0.486640216894796,86752.81307242737
kwiatek-74.png,kmeans,15,0.48133084065008236,87971.1780972713
kwiatek-74.png,kmeans,16,0.4813078735645533,88029.6019478965
kwiatek-74.png,kmeans,17,0.48192602639617926,88551.08336288543
kwiatek-74.png,kmeans,18,0.47958459725491964,89149.61112702703
kwiatek-74.png,kmeans,19,0.47749614055380096,88785.8717964499
kwiatek-74.png,kmeans,20,0.4760748715215339,89082.67594867371
kwiatek-74.png,kmedoids,5,0.5366887122191762,77043.58099851568
kwiatek-74.png,kmedoids,6,0.5213515371539336,74337.53628108557
kwiatek-74.png,kmedoids,7,0.5025231471145595,74490.99966929617
kwiatek-74.png,kmedoids,8,0.47696562100920115,69589.14796078927
kwiatek-74.png,kmedoids,9,0.48494318153493177,77572.27909691657
kwiatek-74.png,kmedoids,10,0.4666542518515901,75741.94318879234
kwiatek-74.png,kmedoids,11,0.4513985042912593,74505.74196755225
kwiatek-74.png,kmedoids,12,0.4445773263887986,76063.1696072172
kwiatek-74.png,kmedoids,13,0.4424059620454711,76881.4821746919
kwiatek-74.png,kmedoids,14,0.44332912962001486,79004.97095623783
kwiatek-74.png,kmedoids,15,0.43828004214485067,77848.34296387837
kwiatek-74.png,kmedoids,16,0.4325045044337557,76579.6893250135
kwiatek-74.png,kmedoids,17,0.42757471066336555,75400.52678899307
kwiatek-74.png,kmedoids,18,0.42507611382261007,77234.59835069747
kwiatek-74.png,kmedoids,19,0.41904721275357887,76561.08797817599
kwiatek-74.png,kmedoids,20,0.42077233199138986,77029.36860492176
kwiatek-75.png,kmeans,5,0.38424986801434907,12730.840201462288
kwiatek-75.png,kmeans,6,0.36444372381187023,12641.770222895891
kwiatek-75.png,kmeans,7,0.34611864360574585,12112.572712309291
kwiatek-75.png,kmeans,8,0.33768626258291745,11705.939154814478
kwiatek-75.png,kmeans,9,0.34556357457847114,11550.013899573862
kwiatek-75.png,kmeans,10,0.34402182972843526,11387.20729198411
kwiatek-75.png,kmeans,11,0.33507762467238766,11147.12140578932
kwiatek-75.png,kmeans,12,0.33246691803482015,10928.669074296693
kwiatek-75.png,kmeans,13,0.33037395011881665,10803.92471616233
kwiatek-75.png,kmeans,14,0.33034713633787066,10711.48615188686
kwiatek-75.png,kmeans,15,0.33243380072934453,10686.543480434715
kwiatek-75.png,kmeans,16,0.32763912135243556,10565.63118750555
kwiatek-75.png,kmeans,17,0.32157750773817984,10489.113523846388
kwiatek-75.png,kmeans,18,0.31887425816477977,10348.447539999415
kwiatek-75.png,kmeans,19,0.3167261229835352,10221.348100277255
kwiatek-75.png,kmeans,20,0.312267628141066,10082.890024180637
kwiatek-75.png,kmedoids,5,0.37004023806664377,12320.306292275174
kwiatek-75.png,kmedoids,6,0.33701668547670094,11982.097994365704
kwiatek-75.png,kmedoids,7,0.3192006793822257,11679.9664083755
kwiatek-75.png,kmedoids,8,0.3335595777650299,11216.57818955017
kwiatek-75.png,kmedoids,9,0.32712946936011805,11148.627329140085
kwiatek-75.png,kmedoids,10,0.32068453128196656,11080.878020021195
kwiatek-75.png,kmedoids,11,0.33028026163653507,10909.551913885854
kwiatek-75.png,kmedoids,12,0.3180845778396412,10587.676642956869
kwiatek-75.png,kmedoids,13,0.3155037287423754,10404.919247170477
kwiatek-75.png,kmedoids,14,0.3127810515374338,10318.628224819773
kwiatek-75.png,kmedoids,15,0.3049313972445074,10061.671488795639
kwiatek-75.png,kmedoids,16,0.30192022239724875,9916.189707605636
kwiatek-75.png,kmedoids,17,0.2998583415613672,9946.651922197776
kwiatek-75.png,kmedoids,18,0.29375934071995374,9854.242237656325
kwiatek-75.png,kmedoids,19,0.2922496547631447,9783.310167403195
kwiatek-75.png,kmedoids,20,0.29123624943299753,9641.182905787105
kwiatek-76.png,kmeans,5,0.530413809307006,19560.467985938514
kwiatek-76.png,kmeans,6,0.514235715978893,20364.945690709006
kwiatek-76.png,kmeans,7,0.49997213716494127,20258.216738038613
kwiatek-76.png,kmeans,8,0.48620205956156026,19504.28029198363
kwiatek-76.png,kmeans,9,0.4786806541546369,20194.82123745605
kwiatek-76.png,kmeans,10,0.4672253733917865,21111.56418189506
kwiatek-76.png,kmeans,11,0.46089801063883307,21519.688911113444
kwiatek-76.png,kmeans,12,0.4480670654469766,21292.22092451609
kwiatek-76.png,kmeans,13,0.44593321243501205,21051.918220479398
kwiatek-76.png,kmeans,14,0.4437026236721202,20973.829281299964
kwiatek-76.png,kmeans,15,0.4452468884432079,21134.009144507516
kwiatek-76.png,kmeans,16,0.4404670913101406,20984.235275482722
kwiatek-76.png,kmeans,17,0.4380373094178191,21185.82320394691
kwiatek-76.png,kmeans,18,0.4430610700687736,21378.283092443373
kwiatek-76.png,kmeans,19,0.4415236141301776,21627.265628750636
kwiatek-76.png,kmeans,20,0.44108179004028275,21653.983394987572
kwiatek-76.png,kmedoids,5,0.48341751685543316,18860.696043585507
kwiatek-76.png,kmedoids,6,0.45619667313781687,17803.86667100202
kwiatek-76.png,kmedoids,7,0.44405470384808454,17893.964835131366
kwiatek-76.png,kmedoids,8,0.44879995407828865,19036.320741447795
kwiatek-76.png,kmedoids,9,0.435039741655282,18356.216689860223
kwiatek-76.png,kmedoids,10,0.4243667150726985,18137.391466330373
kwiatek-76.png,kmedoids,11,0.41372726602160526,17551.475897696997
kwiatek-76.png,kmedoids,12,0.4058371895721879,17195.83915840792
kwiatek-76.png,kmedoids,13,0.403889677048376,16836.041131439273
kwiatek-76.png,kmedoids,14,0.40347249199294344,17227.902522685843
kwiatek-76.png,kmedoids,15,0.39779928197421377,16765.89175585542
kwiatek-76.png,kmedoids,16,0.3970753596737215,17486.7114556868
kwiatek-76.png,kmedoids,17,0.3977943060814669,19196.21037061473
kwiatek-76.png,kmedoids,18,0.39120179103419817,19729.750566567964
kwiatek-76.png,kmedoids,19,0.39633414996325056,20247.44171889145
kwiatek-76.png,kmedoids,20,0.3919909751089345,20172.245197542634
kwiatek-8.png,kmeans,5,0.6386360410152556,24332.718260763133
kwiatek-8.png,kmeans,6,0.6078719284046853,26947.599201506102
kwiatek-8.png,kmeans,7,0.5849965965177069,27292.20957959402
kwiatek-8.png,kmeans,8,0.5833799152727077,28136.73794798935
kwiatek-8.png,kmeans,9,0.5685596455334297,28749.265077158627
kwiatek-8.png,kmeans,10,0.5736454687568731,30597.605883756052
kwiatek-8.png,kmeans,11,0.57696580451835,32243.876826045347
kwiatek-8.png,kmeans,12,0.571316862585313,32975.10918328524
kwiatek-8.png,kmeans,13,0.5728408773774294,34579.72335690398
kwiatek-8.png,kmeans,14,0.5633325386076798,35623.118739440295
kwiatek-8.png,kmeans,15,0.5583633708971936,35949.31019624414
kwiatek-8.png,kmeans,16,0.5547726211275176,35670.75729997741
kwiatek-8.png,kmeans,17,0.5509164661944075,35744.55491561742
kwiatek-8.png,kmeans,18,0.5466943107039127,35746.42613693205
kwiatek-8.png,kmeans,19,0.542513261863906,36466.42948905869
kwiatek-8.png,kmeans,20,0.5406899455388793,36604.45628569042
kwiatek-8.png,kmedoids,5,0.606575747839347,22710.801528664975
kwiatek-8.png,kmedoids,6,0.5988449509532086,25793.16203006822
kwiatek-8.png,kmedoids,7,0.5765763038172395,27147.087719155126
kwiatek-8.png,kmedoids,8,0.5919929352254957,27096.16587758695
kwiatek-8.png,kmedoids,9,0.5876916220136466,28652.570858751442
kwiatek-8.png,kmedoids,10,0.5585388083566822,29412.2287560459
kwiatek-8.png,kmedoids,11,0.5573773348248552,29885.22413474683
kwiatek-8.png,kmedoids,12,0.5530789966669419,30290.56869396966
kwiatek-8.png,kmedoids,13,0.554598940007173,32178.197374820775
kwiatek-8.png,kmedoids,14,0.5479288645121047,32701.47378155396
kwiatek-8.png,kmedoids,15,0.5452694035817933,35059.5823438872
kwiatek-8.png,kmedoids,16,0.539441780473484,34891.58518029399
kwiatek-8.png,kmedoids,17,0.5371465900888397,34993.47390130381
kwiatek-8.png,kmedoids,18,0.5358020056386048,35153.17711337069
kwiatek-8.png,kmedoids,19,0.534492042471253,35569.00450375744
kwiatek-8.png,kmedoids,20,0.5315821684017475,36197.161221436196
kwiatek-9.png,kmeans,5,0.5502173829812581,16859.435828930535
kwiatek-9.png,kmeans,6,0.4855747566176765,18348.466050306255
kwiatek-9.png,kmeans,7,0.46617429313301084,18006.42678767779
kwiatek-9.png,kmeans,8,0.44790452700865774,18092.304300215867
kwiatek-9.png,kmeans,9,0.4365135578447461,18632.06078915789
kwiatek-9.png,kmeans,10,0.4256497813449049,18644.84326818893
kwiatek-9.png,kmeans,11,0.42282188334907866,19266.694422844113
kwiatek-9.png,kmeans,12,0.41817478596251095,19295.708142267857
kwiatek-9.png,kmeans,13,0.41842449634641266,19627.88689225201
kwiatek-9.png,kmeans,14,0.41317004238962224,19766.326456456613
kwiatek-9.png,kmeans,15,0.4138335194161666,19910.67426812359
kwiatek-9.png,kmeans,16,0.4053264086817593,19921.68860149559
kwiatek-9.png,kmeans,17,0.40468330538966535,19878.847833271197
kwiatek-9.png,kmeans,18,0.40710664736014246,20083.0769302887
kwiatek-9.png,kmeans,19,0.4077176109486613,20173.760672432087
kwiatek-9.png,kmeans,20,0.39910252655103057,19956.40628499203
kwiatek-9.png,kmedoids,5,0.4817740888028997,15502.125604564902
kwiatek-9.png,kmedoids,6,0.4733057287887873,18027.9810303195
kwiatek-9.png,kmedoids,7,0.4166887557933851,17423.375882135057
kwiatek-9.png,kmedoids,8,0.41120015786850816,17529.71759199487
kwiatek-9.png,kmedoids,9,0.395861250795576,17245.494715228368
kwiatek-9.png,kmedoids,10,0.39625046543438536,16673.93743160583
kwiatek-9.png,kmedoids,11,0.4061163925157195,16812.16787045495
kwiatek-9.png,kmedoids,12,0.4028588494487858,17130.94842598828
kwiatek-9.png,kmedoids,13,0.40715954630863704,17884.50181011355
kwiatek-9.png,kmedoids,14,0.4057423990868104,18681.96515074875
kwiatek-9.png,kmedoids,15,0.3967503683256723,18901.394241062677
kwiatek-9.png,kmedoids,16,0.385601648474201,18767.0501968736
kwiatek-9.png,kmedoids,17,0.37354662978902714,18406.025746743
kwiatek-9.png,kmedoids,18,0.35813074756383856,18125.216261103626
kwiatek-9.png,kmedoids,19,0.3578238138132465,18234.973374158162
kwiatek-9.png,kmedoids,20,0.3500347721174073,18044.914073606342
